date,SMA
1999-12-13,0.7366
1999-12-14,0.7411
1999-12-15,0.7454
1999-12-16,0.7497
1999-12-17,0.7539
1999-12-20,0.7564
1999-12-21,0.7579
1999-12-22,0.7606
1999-12-23,0.7637
1999-12-27,0.7655
1999-12-28,0.7674
1999-12-29,0.7703
1999-12-30,0.7727
1999-12-31,0.7759
2000-01-03,0.7816
2000-01-04,0.7842
2000-01-05,0.7876
2000-01-06,0.7882
2000-01-07,0.7894
2000-01-10,0.7901
2000-01-11,0.7897
2000-01-12,0.7869
2000-01-13,0.7853
2000-01-14,0.7828
2000-01-18,0.78
2000-01-19,0.7775
2000-01-20,0.7764
2000-01-21,0.7768
2000-01-24,0.777
2000-01-25,0.7794
2000-01-26,0.7823
2000-01-27,0.7861
2000-01-28,0.7873
2000-01-31,0.7887
2000-02-01,0.7888
2000-02-02,0.789
2000-02-03,0.7892
2000-02-04,0.7913
2000-02-07,0.794
2000-02-08,0.798
2000-02-09,0.8017
2000-02-10,0.805
2000-02-11,0.8071
2000-02-14,0.8105
2000-02-15,0.8123
2000-02-16,0.8153
2000-02-17,0.8181
2000-02-18,0.8222
2000-02-22,0.8259
2000-02-23,0.8307
2000-02-24,0.8364
2000-02-25,0.8424
2000-02-28,0.8466
2000-02-29,0.8502
2000-03-01,0.857
2000-03-02,0.861
2000-03-03,0.8647
2000-03-06,0.8684
2000-03-07,0.8727
2000-03-08,0.8752
2000-03-09,0.8783
2000-03-10,0.8823
2000-03-13,0.8874
2000-03-14,0.89
2000-03-15,0.8942
2000-03-16,0.9
2000-03-17,0.9056
2000-03-20,0.9094
2000-03-21,0.9148
2000-03-22,0.9223
2000-03-23,0.9297
2000-03-24,0.9361
2000-03-27,0.944
2000-03-28,0.95
2000-03-29,0.9544
2000-03-30,0.9574
2000-03-31,0.9627
2000-04-03,0.9684
2000-04-04,0.9719
2000-04-05,0.9755
2000-04-06,0.9781
2000-04-07,0.9835
2000-04-10,0.9866
2000-04-11,0.9878
2000-04-12,0.9824
2000-04-13,0.9803
2000-04-14,0.9762
2000-04-17,0.9757
2000-04-18,0.9767
2000-04-19,0.9765
2000-04-20,0.9756
2000-04-24,0.9743
2000-04-25,0.9761
2000-04-26,0.9779
2000-04-27,0.9806
2000-04-28,0.9812
2000-05-01,0.981
2000-05-02,0.9797
2000-05-03,0.9746
2000-05-04,0.966
2000-05-05,0.9588
2000-05-08,0.9514
2000-05-09,0.9427
2000-05-10,0.9325
2000-05-11,0.924
2000-05-12,0.9193
2000-05-15,0.9104
2000-05-16,0.9033
2000-05-17,0.8966
2000-05-18,0.889
2000-05-19,0.881
2000-05-22,0.8703
2000-05-23,0.8602
2000-05-24,0.8521
2000-05-25,0.8464
2000-05-26,0.8394
2000-05-30,0.8331
2000-05-31,0.8229
2000-06-01,0.8132
2000-06-02,0.8059
2000-06-05,0.7988
2000-06-06,0.7917
2000-06-07,0.7836
2000-06-08,0.7768
2000-06-09,0.7688
2000-06-12,0.7604
2000-06-13,0.7527
2000-06-14,0.7457
2000-06-15,0.7398
2000-06-16,0.7348
2000-06-19,0.7306
2000-06-20,0.7283
2000-06-21,0.7298
2000-06-22,0.7319
2000-06-23,0.7321
2000-06-26,0.7322
2000-06-27,0.7329
2000-06-28,0.7337
2000-06-29,0.734
2000-06-30,0.735
2000-07-03,0.7383
2000-07-05,0.7417
2000-07-06,0.7462
2000-07-07,0.7517
2000-07-10,0.7586
2000-07-11,0.7657
2000-07-12,0.7734
2000-07-13,0.7809
2000-07-14,0.7876
2000-07-17,0.7938
2000-07-18,0.7997
2000-07-19,0.803
2000-07-20,0.8065
2000-07-21,0.8096
2000-07-24,0.8101
2000-07-25,0.8123
2000-07-26,0.8138
2000-07-27,0.8173
2000-07-28,0.8184
2000-07-31,0.821
2000-08-01,0.8215
2000-08-02,0.8198
2000-08-03,0.8159
2000-08-04,0.8126
2000-08-07,0.8107
2000-08-08,0.8069
2000-08-09,0.8047
2000-08-10,0.8012
2000-08-11,0.7994
2000-08-14,0.7966
2000-08-15,0.7932
2000-08-16,0.7916
2000-08-17,0.7914
2000-08-18,0.7892
2000-08-21,0.7858
2000-08-22,0.7831
2000-08-23,0.7807
2000-08-24,0.7805
2000-08-25,0.7801
2000-08-28,0.7799
2000-08-29,0.7809
2000-08-30,0.7844
2000-08-31,0.7874
2000-09-01,0.7925
2000-09-05,0.7995
2000-09-06,0.8038
2000-09-07,0.81
2000-09-08,0.8135
2000-09-11,0.8187
2000-09-12,0.8223
2000-09-13,0.8267
2000-09-14,0.8317
2000-09-15,0.8354
2000-09-18,0.8422
2000-09-19,0.8484
2000-09-20,0.8557
2000-09-21,0.8604
2000-09-22,0.8628
2000-09-25,0.8658
2000-09-26,0.868
2000-09-27,0.8692
2000-09-28,0.8718
2000-09-29,0.8586
2000-10-02,0.8453
2000-10-03,0.8309
2000-10-04,0.8165
2000-10-05,0.7999
2000-10-06,0.7825
2000-10-09,0.7645
2000-10-10,0.7454
2000-10-11,0.7251
2000-10-12,0.7048
2000-10-13,0.6848
2000-10-16,0.6633
2000-10-17,0.6416
2000-10-18,0.6219
2000-10-19,0.5998
2000-10-20,0.5796
2000-10-23,0.56
2000-10-24,0.5401
2000-10-25,0.5198
2000-10-26,0.5001
2000-10-27,0.4813
2000-10-30,0.46
2000-10-31,0.4393
2000-11-01,0.4185
2000-11-02,0.4008
2000-11-03,0.3855
2000-11-06,0.369
2000-11-07,0.3535
2000-11-08,0.3387
2000-11-09,0.3216
2000-11-10,0.3182
2000-11-13,0.3157
2000-11-14,0.3146
2000-11-15,0.3127
2000-11-16,0.3111
2000-11-17,0.3092
2000-11-20,0.3078
2000-11-21,0.3067
2000-11-22,0.3061
2000-11-24,0.3058
2000-11-27,0.3041
2000-11-28,0.3023
2000-11-29,0.301
2000-11-30,0.2991
2000-12-01,0.2981
2000-12-04,0.2967
2000-12-05,0.295
2000-12-06,0.2926
2000-12-07,0.2905
2000-12-08,0.2887
2000-12-11,0.287
2000-12-12,0.285
2000-12-13,0.2826
2000-12-14,0.2795
2000-12-15,0.2753
2000-12-18,0.2712
2000-12-19,0.2673
2000-12-20,0.2638
2000-12-21,0.2607
2000-12-22,0.258
2000-12-26,0.2558
2000-12-27,0.2534
2000-12-28,0.2507
2000-12-29,0.2481
2001-01-02,0.246
2001-01-03,0.2449
2001-01-04,0.2439
2001-01-05,0.2427
2001-01-08,0.2417
2001-01-09,0.2406
2001-01-10,0.2395
2001-01-11,0.2395
2001-01-12,0.2393
2001-01-16,0.2396
2001-01-17,0.2395
2001-01-18,0.2405
2001-01-19,0.2418
2001-01-22,0.2443
2001-01-23,0.2475
2001-01-24,0.2503
2001-01-25,0.2527
2001-01-26,0.2549
2001-01-29,0.2583
2001-01-30,0.2621
2001-01-31,0.2659
2001-02-01,0.2695
2001-02-02,0.2729
2001-02-05,0.2759
2001-02-06,0.2795
2001-02-07,0.2824
2001-02-08,0.2855
2001-02-09,0.2878
2001-02-12,0.2903
2001-02-13,0.2924
2001-02-14,0.2948
2001-02-15,0.2967
2001-02-16,0.2977
2001-02-20,0.2987
2001-02-21,0.2999
2001-02-22,0.3007
2001-02-23,0.3019
2001-02-26,0.3026
2001-02-27,0.3038
2001-02-28,0.3043
2001-03-01,0.3053
2001-03-02,0.3056
2001-03-05,0.3061
2001-03-06,0.3072
2001-03-07,0.3076
2001-03-08,0.3078
2001-03-09,0.3079
2001-03-12,0.3074
2001-03-13,0.3064
2001-03-14,0.3057
2001-03-15,0.3047
2001-03-16,0.3039
2001-03-19,0.3039
2001-03-20,0.3036
2001-03-21,0.3031
2001-03-22,0.3036
2001-03-23,0.3047
2001-03-26,0.3061
2001-03-27,0.3077
2001-03-28,0.3093
2001-03-29,0.3108
2001-03-30,0.3119
2001-04-02,0.3132
2001-04-03,0.3142
2001-04-04,0.3145
2001-04-05,0.3156
2001-04-06,0.3165
2001-04-09,0.317
2001-04-10,0.3184
2001-04-11,0.3202
2001-04-12,0.3221
2001-04-16,0.3232
2001-04-17,0.3232
2001-04-18,0.3239
2001-04-19,0.3262
2001-04-20,0.3284
2001-04-23,0.3304
2001-04-24,0.3332
2001-04-25,0.3358
2001-04-26,0.338
2001-04-27,0.3414
2001-04-30,0.3444
2001-05-01,0.3471
2001-05-02,0.3507
2001-05-03,0.3532
2001-05-04,0.3553
2001-05-07,0.3563
2001-05-08,0.3577
2001-05-09,0.3583
2001-05-10,0.3587
2001-05-11,0.3589
2001-05-14,0.3595
2001-05-15,0.3603
2001-05-16,0.3623
2001-05-17,0.3644
2001-05-18,0.3658
2001-05-21,0.3673
2001-05-22,0.3688
2001-05-23,0.3694
2001-05-24,0.3701
2001-05-25,0.3703
2001-05-29,0.3703
2001-05-30,0.37
2001-05-31,0.3685
2001-06-01,0.3661
2001-06-04,0.3638
2001-06-05,0.3621
2001-06-06,0.3604
2001-06-07,0.3589
2001-06-08,0.3571
2001-06-11,0.354
2001-06-12,0.3513
2001-06-13,0.3485
2001-06-14,0.3451
2001-06-15,0.3427
2001-06-18,0.3399
2001-06-19,0.3375
2001-06-20,0.336
2001-06-21,0.3352
2001-06-22,0.3349
2001-06-25,0.3355
2001-06-26,0.3357
2001-06-27,0.3358
2001-06-28,0.3355
2001-06-29,0.3353
2001-07-02,0.3355
2001-07-03,0.3357
2001-07-05,0.3355
2001-07-06,0.3349
2001-07-09,0.3346
2001-07-10,0.3338
2001-07-11,0.3343
2001-07-12,0.3367
2001-07-13,0.3392
2001-07-16,0.3408
2001-07-17,0.3431
2001-07-18,0.343
2001-07-19,0.3426
2001-07-20,0.3417
2001-07-23,0.3408
2001-07-24,0.3403
2001-07-25,0.3394
2001-07-26,0.3384
2001-07-27,0.338
2001-07-30,0.3372
2001-07-31,0.3364
2001-08-01,0.3358
2001-08-02,0.3349
2001-08-03,0.3333
2001-08-06,0.3317
2001-08-07,0.3293
2001-08-08,0.3268
2001-08-09,0.3246
2001-08-10,0.3223
2001-08-13,0.3201
2001-08-14,0.3175
2001-08-15,0.3147
2001-08-16,0.3124
2001-08-17,0.3103
2001-08-20,0.308
2001-08-21,0.3063
2001-08-22,0.3041
2001-08-23,0.3008
2001-08-24,0.2975
2001-08-27,0.2949
2001-08-28,0.2915
2001-08-29,0.29
2001-08-30,0.2889
2001-08-31,0.2882
2001-09-04,0.2875
2001-09-05,0.2872
2001-09-06,0.2868
2001-09-07,0.2862
2001-09-10,0.2853
2001-09-17,0.2843
2001-09-18,0.2831
2001-09-19,0.282
2001-09-20,0.2799
2001-09-21,0.2779
2001-09-24,0.2766
2001-09-25,0.2747
2001-09-26,0.2727
2001-09-27,0.2709
2001-09-28,0.2691
2001-10-01,0.2673
2001-10-02,0.2654
2001-10-03,0.2636
2001-10-04,0.2622
2001-10-05,0.2612
2001-10-08,0.2602
2001-10-09,0.2592
2001-10-10,0.2585
2001-10-11,0.2585
2001-10-12,0.2582
2001-10-15,0.2577
2001-10-16,0.2575
2001-10-17,0.2571
2001-10-18,0.2572
2001-10-19,0.2571
2001-10-22,0.2575
2001-10-23,0.2572
2001-10-24,0.2579
2001-10-25,0.2589
2001-10-26,0.2595
2001-10-29,0.2599
2001-10-30,0.2605
2001-10-31,0.2608
2001-11-01,0.2623
2001-11-02,0.2638
2001-11-05,0.2651
2001-11-06,0.2672
2001-11-07,0.2695
2001-11-08,0.2711
2001-11-09,0.2727
2001-11-12,0.2744
2001-11-13,0.2766
2001-11-14,0.279
2001-11-15,0.2808
2001-11-16,0.2823
2001-11-19,0.2842
2001-11-20,0.286
2001-11-21,0.2875
2001-11-23,0.2886
2001-11-26,0.2903
2001-11-27,0.2918
2001-11-28,0.2931
2001-11-29,0.2949
2001-11-30,0.2966
2001-12-03,0.298
2001-12-04,0.2997
2001-12-05,0.3026
2001-12-06,0.3046
2001-12-07,0.3063
2001-12-10,0.3083
2001-12-11,0.3104
2001-12-12,0.3124
2001-12-13,0.3142
2001-12-14,0.3151
2001-12-17,0.3162
2001-12-18,0.3172
2001-12-19,0.3182
2001-12-20,0.3188
2001-12-21,0.32
2001-12-24,0.3213
2001-12-26,0.3227
2001-12-27,0.3241
2001-12-28,0.3256
2001-12-31,0.3268
2002-01-02,0.329
2002-01-03,0.3309
2002-01-04,0.333
2002-01-07,0.3347
2002-01-08,0.3361
2002-01-09,0.3362
2002-01-10,0.3363
2002-01-11,0.3366
2002-01-14,0.337
2002-01-15,0.3372
2002-01-16,0.3371
2002-01-17,0.3371
2002-01-18,0.3363
2002-01-22,0.3358
2002-01-23,0.336
2002-01-24,0.3364
2002-01-25,0.3371
2002-01-28,0.338
2002-01-29,0.3391
2002-01-30,0.341
2002-01-31,0.3431
2002-02-01,0.3449
2002-02-04,0.3468
2002-02-05,0.3492
2002-02-06,0.3511
2002-02-07,0.3526
2002-02-08,0.3539
2002-02-11,0.3554
2002-02-12,0.3566
2002-02-13,0.3582
2002-02-14,0.3589
2002-02-15,0.359
2002-02-19,0.3585
2002-02-20,0.3586
2002-02-21,0.358
2002-02-22,0.3586
2002-02-25,0.3599
2002-02-26,0.3612
2002-02-27,0.3617
2002-02-28,0.3617
2002-03-01,0.363
2002-03-04,0.364
2002-03-05,0.3647
2002-03-06,0.3658
2002-03-07,0.3665
2002-03-08,0.3673
2002-03-11,0.3682
2002-03-12,0.3689
2002-03-13,0.3697
2002-03-14,0.3698
2002-03-15,0.37
2002-03-18,0.3701
2002-03-19,0.3699
2002-03-20,0.3696
2002-03-21,0.3694
2002-03-22,0.3693
2002-03-25,0.3689
2002-03-26,0.3682
2002-03-27,0.3675
2002-03-28,0.3668
2002-04-01,0.3668
2002-04-02,0.3668
2002-04-03,0.3674
2002-04-04,0.3683
2002-04-05,0.37
2002-04-08,0.3709
2002-04-09,0.3711
2002-04-10,0.3716
2002-04-11,0.3731
2002-04-12,0.3748
2002-04-15,0.3756
2002-04-16,0.3763
2002-04-17,0.3777
2002-04-18,0.3784
2002-04-19,0.3787
2002-04-22,0.3786
2002-04-23,0.3782
2002-04-24,0.3777
2002-04-25,0.3775
2002-04-26,0.3768
2002-04-29,0.3763
2002-04-30,0.376
2002-05-01,0.3756
2002-05-02,0.3749
2002-05-03,0.3746
2002-05-06,0.3738
2002-05-07,0.3734
2002-05-08,0.3738
2002-05-09,0.3742
2002-05-10,0.374
2002-05-13,0.3738
2002-05-14,0.3745
2002-05-15,0.3753
2002-05-16,0.3755
2002-05-17,0.3756
2002-05-20,0.3757
2002-05-21,0.3754
2002-05-22,0.3752
2002-05-23,0.3754
2002-05-24,0.3749
2002-05-28,0.3744
2002-05-29,0.3735
2002-05-30,0.3725
2002-05-31,0.3714
2002-06-03,0.3704
2002-06-04,0.3695
2002-06-05,0.3687
2002-06-06,0.3678
2002-06-07,0.3665
2002-06-10,0.3657
2002-06-11,0.3639
2002-06-12,0.3617
2002-06-13,0.3594
2002-06-14,0.3576
2002-06-17,0.3561
2002-06-18,0.3548
2002-06-19,0.352
2002-06-20,0.3483
2002-06-21,0.3446
2002-06-24,0.3414
2002-06-25,0.338
2002-06-26,0.3333
2002-06-27,0.3291
2002-06-28,0.3252
2002-07-01,0.3212
2002-07-02,0.3171
2002-07-03,0.3141
2002-07-05,0.3112
2002-07-08,0.3076
2002-07-09,0.3042
2002-07-10,0.3008
2002-07-11,0.2978
2002-07-12,0.2944
2002-07-15,0.2918
2002-07-16,0.2892
2002-07-17,0.2855
2002-07-18,0.2816
2002-07-19,0.2779
2002-07-22,0.2745
2002-07-23,0.2709
2002-07-24,0.2682
2002-07-25,0.2653
2002-07-26,0.2626
2002-07-29,0.26
2002-07-30,0.2574
2002-07-31,0.2549
2002-08-01,0.2537
2002-08-02,0.2523
2002-08-05,0.2509
2002-08-06,0.2496
2002-08-07,0.2485
2002-08-08,0.2478
2002-08-09,0.2468
2002-08-12,0.2454
2002-08-13,0.2441
2002-08-14,0.2432
2002-08-15,0.2422
2002-08-16,0.2407
2002-08-19,0.2397
2002-08-20,0.2388
2002-08-21,0.2382
2002-08-22,0.237
2002-08-23,0.2361
2002-08-26,0.2347
2002-08-27,0.2332
2002-08-28,0.2327
2002-08-29,0.2325
2002-08-30,0.2324
2002-09-03,0.232
2002-09-04,0.232
2002-09-05,0.2315
2002-09-06,0.2315
2002-09-09,0.2315
2002-09-10,0.2311
2002-09-11,0.2306
2002-09-12,0.23
2002-09-13,0.2297
2002-09-16,0.2297
2002-09-17,0.2301
2002-09-18,0.2302
2002-09-19,0.23
2002-09-20,0.2298
2002-09-23,0.2297
2002-09-24,0.2295
2002-09-25,0.2297
2002-09-26,0.2295
2002-09-27,0.229
2002-09-30,0.2283
2002-10-01,0.2276
2002-10-02,0.2267
2002-10-03,0.2258
2002-10-04,0.2248
2002-10-07,0.2238
2002-10-08,0.2228
2002-10-09,0.2222
2002-10-10,0.2219
2002-10-11,0.2218
2002-10-14,0.2218
2002-10-15,0.2224
2002-10-16,0.2224
2002-10-17,0.2224
2002-10-18,0.2223
2002-10-21,0.2224
2002-10-22,0.2226
2002-10-23,0.2229
2002-10-24,0.2232
2002-10-25,0.2239
2002-10-28,0.2244
2002-10-29,0.2247
2002-10-30,0.2252
2002-10-31,0.226
2002-11-01,0.2268
2002-11-04,0.2278
2002-11-05,0.229
2002-11-06,0.2302
2002-11-07,0.2308
2002-11-08,0.2314
2002-11-11,0.2317
2002-11-12,0.2323
2002-11-13,0.233
2002-11-14,0.2341
2002-11-15,0.2351
2002-11-18,0.236
2002-11-19,0.2368
2002-11-20,0.2378
2002-11-21,0.239
2002-11-22,0.2397
2002-11-25,0.2404
2002-11-26,0.2405
2002-11-27,0.2411
2002-11-29,0.2418
2002-12-02,0.2422
2002-12-03,0.2425
2002-12-04,0.2427
2002-12-05,0.2425
2002-12-06,0.2427
2002-12-09,0.2423
2002-12-10,0.2422
2002-12-11,0.2422
2002-12-12,0.2418
2002-12-13,0.2411
2002-12-16,0.2404
2002-12-17,0.2394
2002-12-18,0.2382
2002-12-19,0.2367
2002-12-20,0.2357
2002-12-23,0.235
2002-12-24,0.2346
2002-12-26,0.234
2002-12-27,0.2332
2002-12-30,0.232
2002-12-31,0.2312
2003-01-02,0.2308
2003-01-03,0.2306
2003-01-06,0.2303
2003-01-07,0.2295
2003-01-08,0.2287
2003-01-09,0.2281
2003-01-10,0.2277
2003-01-13,0.2272
2003-01-14,0.2267
2003-01-15,0.2263
2003-01-16,0.2261
2003-01-17,0.2256
2003-01-21,0.2253
2003-01-22,0.2247
2003-01-23,0.2244
2003-01-24,0.2237
2003-01-27,0.223
2003-01-28,0.2227
2003-01-29,0.2226
2003-01-30,0.2223
2003-01-31,0.2219
2003-02-03,0.222
2003-02-04,0.2222
2003-02-05,0.2223
2003-02-06,0.2223
2003-02-07,0.2222
2003-02-10,0.2222
2003-02-11,0.2223
2003-02-12,0.2225
2003-02-13,0.2226
2003-02-14,0.2225
2003-02-18,0.2227
2003-02-19,0.2227
2003-02-20,0.2226
2003-02-21,0.2229
2003-02-24,0.2229
2003-02-25,0.2231
2003-02-26,0.223
2003-02-27,0.2231
2003-02-28,0.2234
2003-03-03,0.2234
2003-03-04,0.2237
2003-03-05,0.224
2003-03-06,0.2243
2003-03-07,0.2245
2003-03-10,0.2248
2003-03-11,0.2249
2003-03-12,0.2247
2003-03-13,0.2247
2003-03-14,0.225
2003-03-17,0.2253
2003-03-18,0.2255
2003-03-19,0.2257
2003-03-20,0.2259
2003-03-21,0.2262
2003-03-24,0.2263
2003-03-25,0.2264
2003-03-26,0.2264
2003-03-27,0.2265
2003-03-28,0.2265
2003-03-31,0.2262
2003-04-01,0.2257
2003-04-02,0.2255
2003-04-03,0.2254
2003-04-04,0.2251
2003-04-07,0.225
2003-04-08,0.2247
2003-04-09,0.2245
2003-04-10,0.2243
2003-04-11,0.2233
2003-04-14,0.2228
2003-04-15,0.2222
2003-04-16,0.2215
2003-04-17,0.2207
2003-04-21,0.22
2003-04-22,0.2196
2003-04-23,0.2192
2003-04-24,0.2188
2003-04-25,0.2181
2003-04-28,0.2177
2003-04-29,0.2172
2003-04-30,0.2168
2003-05-01,0.2165
2003-05-02,0.2162
2003-05-05,0.2168
2003-05-06,0.2184
2003-05-07,0.22
2003-05-08,0.2218
2003-05-09,0.2238
2003-05-12,0.2258
2003-05-13,0.2282
2003-05-14,0.2304
2003-05-15,0.2325
2003-05-16,0.2348
2003-05-19,0.2367
2003-05-20,0.2384
2003-05-21,0.2401
2003-05-22,0.2422
2003-05-23,0.2442
2003-05-27,0.2471
2003-05-28,0.2495
2003-05-29,0.252
2003-05-30,0.2544
2003-06-02,0.2566
2003-06-03,0.2587
2003-06-04,0.2608
2003-06-05,0.2629
2003-06-06,0.2648
2003-06-09,0.2666
2003-06-10,0.2683
2003-06-11,0.27
2003-06-12,0.2719
2003-06-13,0.2734
2003-06-16,0.2754
2003-06-17,0.2765
2003-06-18,0.2773
2003-06-19,0.2781
2003-06-20,0.2787
2003-06-23,0.2791
2003-06-24,0.2792
2003-06-25,0.2794
2003-06-26,0.2798
2003-06-27,0.2798
2003-06-30,0.2799
2003-07-01,0.2804
2003-07-02,0.2812
2003-07-03,0.2818
2003-07-07,0.2827
2003-07-08,0.2837
2003-07-09,0.2843
2003-07-10,0.2849
2003-07-11,0.2858
2003-07-14,0.2868
2003-07-15,0.2879
2003-07-16,0.2893
2003-07-17,0.2909
2003-07-18,0.2926
2003-07-21,0.2944
2003-07-22,0.2964
2003-07-23,0.2983
2003-07-24,0.2999
2003-07-25,0.3018
2003-07-28,0.3036
2003-07-29,0.3049
2003-07-30,0.306
2003-07-31,0.307
2003-08-01,0.3078
2003-08-04,0.3088
2003-08-05,0.3095
2003-08-06,0.3099
2003-08-07,0.3104
2003-08-08,0.3105
2003-08-11,0.311
2003-08-12,0.3113
2003-08-13,0.3119
2003-08-14,0.3123
2003-08-15,0.3126
2003-08-18,0.3128
2003-08-19,0.3128
2003-08-20,0.3133
2003-08-21,0.3144
2003-08-22,0.3149
2003-08-25,0.3154
2003-08-26,0.3162
2003-08-27,0.317
2003-08-28,0.3177
2003-08-29,0.3186
2003-09-02,0.3197
2003-09-03,0.3208
2003-09-04,0.3219
2003-09-05,0.3229
2003-09-08,0.3235
2003-09-09,0.3242
2003-09-10,0.325
2003-09-11,0.3261
2003-09-12,0.3272
2003-09-15,0.3279
2003-09-16,0.3285
2003-09-17,0.3294
2003-09-18,0.3311
2003-09-19,0.3324
2003-09-22,0.3337
2003-09-23,0.3351
2003-09-24,0.336
2003-09-25,0.3361
2003-09-26,0.3364
2003-09-29,0.3373
2003-09-30,0.3375
2003-10-01,0.3377
2003-10-02,0.3375
2003-10-03,0.3375
2003-10-06,0.3382
2003-10-07,0.3394
2003-10-08,0.3404
2003-10-09,0.3415
2003-10-10,0.3422
2003-10-13,0.3431
2003-10-14,0.344
2003-10-15,0.345
2003-10-16,0.3452
2003-10-17,0.3453
2003-10-20,0.3455
2003-10-21,0.346
2003-10-22,0.3463
2003-10-23,0.3465
2003-10-24,0.3462
2003-10-27,0.3464
2003-10-28,0.3471
2003-10-29,0.3479
2003-10-30,0.348
2003-10-31,0.3482
2003-11-03,0.3487
2003-11-04,0.349
2003-11-05,0.3499
2003-11-06,0.3512
2003-11-07,0.3522
2003-11-10,0.3525
2003-11-11,0.3529
2003-11-12,0.3537
2003-11-13,0.3546
2003-11-14,0.3545
2003-11-17,0.3539
2003-11-18,0.3525
2003-11-19,0.3511
2003-11-20,0.3496
2003-11-21,0.3478
2003-11-24,0.3462
2003-11-25,0.3442
2003-11-26,0.3421
2003-11-28,0.3409
2003-12-01,0.3403
2003-12-02,0.3395
2003-12-03,0.3384
2003-12-04,0.3375
2003-12-05,0.3364
2003-12-08,0.3357
2003-12-09,0.3345
2003-12-10,0.3328
2003-12-11,0.3316
2003-12-12,0.3304
2003-12-15,0.329
2003-12-16,0.3275
2003-12-17,0.3259
2003-12-18,0.3244
2003-12-19,0.3226
2003-12-22,0.3213
2003-12-23,0.3202
2003-12-24,0.3196
2003-12-26,0.3188
2003-12-29,0.3182
2003-12-30,0.3181
2003-12-31,0.3182
2004-01-02,0.3186
2004-01-05,0.3195
2004-01-06,0.3204
2004-01-07,0.3216
2004-01-08,0.3227
2004-01-09,0.3239
2004-01-12,0.3255
2004-01-13,0.3271
2004-01-14,0.3284
2004-01-15,0.3291
2004-01-16,0.3299
2004-01-20,0.3308
2004-01-21,0.3317
2004-01-22,0.3322
2004-01-23,0.3333
2004-01-26,0.3347
2004-01-27,0.3356
2004-01-28,0.3365
2004-01-29,0.3378
2004-01-30,0.339
2004-02-02,0.3403
2004-02-03,0.3414
2004-02-04,0.3425
2004-02-05,0.3438
2004-02-06,0.3453
2004-02-09,0.3464
2004-02-10,0.3476
2004-02-11,0.3489
2004-02-12,0.3502
2004-02-13,0.351
2004-02-17,0.352
2004-02-18,0.3526
2004-02-19,0.3527
2004-02-20,0.3527
2004-02-23,0.352
2004-02-24,0.3517
2004-02-25,0.3512
2004-02-26,0.3507
2004-02-27,0.3506
2004-03-01,0.3512
2004-03-02,0.3517
2004-03-03,0.3523
2004-03-04,0.3536
2004-03-05,0.356
2004-03-08,0.3577
2004-03-09,0.3598
2004-03-10,0.3622
2004-03-11,0.3646
2004-03-12,0.3671
2004-03-15,0.3691
2004-03-16,0.3709
2004-03-17,0.3729
2004-03-18,0.3749
2004-03-19,0.3767
2004-03-22,0.3783
2004-03-23,0.3796
2004-03-24,0.3809
2004-03-25,0.3825
2004-03-26,0.3842
2004-03-29,0.3867
2004-03-30,0.3892
2004-03-31,0.3911
2004-04-01,0.3935
2004-04-02,0.3961
2004-04-05,0.3992
2004-04-06,0.4021
2004-04-07,0.4044
2004-04-08,0.4067
2004-04-12,0.4088
2004-04-13,0.4103
2004-04-14,0.4117
2004-04-15,0.4145
2004-04-16,0.4166
2004-04-19,0.4174
2004-04-20,0.4183
2004-04-21,0.4186
2004-04-22,0.4186
2004-04-23,0.4189
2004-04-26,0.4187
2004-04-27,0.419
2004-04-28,0.4193
2004-04-29,0.4196
2004-04-30,0.4196
2004-05-03,0.4197
2004-05-04,0.4199
2004-05-05,0.4206
2004-05-06,0.4211
2004-05-07,0.421
2004-05-10,0.4206
2004-05-11,0.4203
2004-05-12,0.4199
2004-05-13,0.42
2004-05-14,0.42
2004-05-17,0.4195
2004-05-18,0.4189
2004-05-19,0.4182
2004-05-20,0.4179
2004-05-21,0.4177
2004-05-24,0.4173
2004-05-25,0.4181
2004-05-26,0.419
2004-05-27,0.4185
2004-05-28,0.4179
2004-06-01,0.4177
2004-06-02,0.4183
2004-06-03,0.4187
2004-06-04,0.4192
2004-06-07,0.4203
2004-06-08,0.4219
2004-06-09,0.4236
2004-06-10,0.4258
2004-06-14,0.4275
2004-06-15,0.4301
2004-06-16,0.4335
2004-06-17,0.4369
2004-06-18,0.4401
2004-06-21,0.4431
2004-06-22,0.4463
2004-06-23,0.4501
2004-06-24,0.4532
2004-06-25,0.4565
2004-06-28,0.4592
2004-06-29,0.462
2004-06-30,0.4651
2004-07-01,0.4678
2004-07-02,0.4701
2004-07-06,0.4723
2004-07-07,0.474
2004-07-08,0.4754
2004-07-09,0.4762
2004-07-12,0.4766
2004-07-13,0.4771
2004-07-14,0.4779
2004-07-15,0.4804
2004-07-16,0.4821
2004-07-19,0.4839
2004-07-20,0.4857
2004-07-21,0.4866
2004-07-22,0.4873
2004-07-23,0.4875
2004-07-26,0.4878
2004-07-27,0.489
2004-07-28,0.4898
2004-07-29,0.4897
2004-07-30,0.4895
2004-08-02,0.4888
2004-08-03,0.4883
2004-08-04,0.4877
2004-08-05,0.4865
2004-08-06,0.4847
2004-08-09,0.483
2004-08-10,0.4825
2004-08-11,0.4817
2004-08-12,0.4806
2004-08-13,0.4799
2004-08-16,0.4797
2004-08-17,0.4797
2004-08-18,0.4804
2004-08-19,0.4807
2004-08-20,0.481
2004-08-23,0.482
2004-08-24,0.4834
2004-08-25,0.4852
2004-08-26,0.4861
2004-08-27,0.4872
2004-08-30,0.4883
2004-08-31,0.4895
2004-09-01,0.4917
2004-09-02,0.4937
2004-09-03,0.496
2004-09-07,0.4984
2004-09-08,0.5004
2004-09-09,0.5021
2004-09-10,0.5038
2004-09-13,0.5055
2004-09-14,0.5075
2004-09-15,0.5095
2004-09-16,0.5118
2004-09-17,0.5148
2004-09-20,0.5188
2004-09-21,0.5228
2004-09-22,0.5256
2004-09-23,0.5288
2004-09-24,0.5323
2004-09-27,0.5358
2004-09-28,0.5395
2004-09-29,0.5435
2004-09-30,0.5471
2004-10-01,0.5512
2004-10-04,0.5553
2004-10-05,0.5595
2004-10-06,0.564
2004-10-07,0.5674
2004-10-08,0.5696
2004-10-11,0.5718
2004-10-12,0.574
2004-10-13,0.5767
2004-10-14,0.5813
2004-10-15,0.5864
2004-10-18,0.5928
2004-10-19,0.5988
2004-10-20,0.6045
2004-10-21,0.6108
2004-10-22,0.6167
2004-10-25,0.6229
2004-10-26,0.6293
2004-10-27,0.637
2004-10-28,0.6452
2004-10-29,0.653
2004-11-01,0.6606
2004-11-02,0.6685
2004-11-03,0.678
2004-11-04,0.6868
2004-11-05,0.6957
2004-11-08,0.7044
2004-11-09,0.7126
2004-11-10,0.7209
2004-11-11,0.7293
2004-11-12,0.738
2004-11-15,0.7464
2004-11-16,0.7544
2004-11-17,0.7617
2004-11-18,0.7698
2004-11-19,0.7781
2004-11-22,0.7898
2004-11-23,0.8016
2004-11-24,0.8141
2004-11-26,0.8241
2004-11-29,0.8359
2004-11-30,0.8458
2004-12-01,0.8563
2004-12-02,0.8654
2004-12-03,0.8729
2004-12-06,0.8824
2004-12-07,0.8903
2004-12-08,0.8981
2004-12-09,0.9051
2004-12-10,0.9118
2004-12-13,0.9182
2004-12-14,0.9248
2004-12-15,0.9308
2004-12-16,0.9366
2004-12-17,0.9421
2004-12-20,0.9462
2004-12-21,0.9509
2004-12-22,0.9559
2004-12-23,0.9607
2004-12-27,0.9647
2004-12-28,0.9692
2004-12-29,0.9739
2004-12-30,0.979
2004-12-31,0.9838
2005-01-03,0.9879
2005-01-04,0.9924
2005-01-05,0.994
2005-01-06,0.9957
2005-01-07,0.9984
2005-01-10,1.0006
2005-01-11,0.9986
2005-01-12,0.9978
2005-01-13,0.9988
2005-01-14,1.0014
2005-01-18,1.0055
2005-01-19,1.0076
2005-01-20,1.0115
2005-01-21,1.0152
2005-01-24,1.0187
2005-01-25,1.0222
2005-01-26,1.026
2005-01-27,1.0298
2005-01-28,1.0342
2005-01-31,1.0395
2005-02-01,1.046
2005-02-02,1.0546
2005-02-03,1.0619
2005-02-04,1.0696
2005-02-07,1.0773
2005-02-08,1.0864
2005-02-09,1.0939
2005-02-10,1.101
2005-02-11,1.1095
2005-02-14,1.1198
2005-02-15,1.1327
2005-02-16,1.1462
2005-02-17,1.1582
2005-02-18,1.1696
2005-02-22,1.1778
2005-02-23,1.1877
2005-02-24,1.2002
2005-02-25,1.2123
2005-02-28,1.2225
2005-03-01,1.2322
2005-03-02,1.2412
2005-03-03,1.2483
2005-03-04,1.256
2005-03-07,1.2637
2005-03-08,1.269
2005-03-09,1.2724
2005-03-10,1.2763
2005-03-11,1.2803
2005-03-14,1.2837
2005-03-15,1.2863
2005-03-16,1.2888
2005-03-17,1.2913
2005-03-18,1.2954
2005-03-21,1.2998
2005-03-22,1.3033
2005-03-23,1.3055
2005-03-24,1.3087
2005-03-28,1.3121
2005-03-29,1.3133
2005-03-30,1.3138
2005-03-31,1.3112
2005-04-01,1.3069
2005-04-04,1.304
2005-04-05,1.3024
2005-04-06,1.3021
2005-04-07,1.3015
2005-04-08,1.3008
2005-04-11,1.2982
2005-04-12,1.2959
2005-04-13,1.2923
2005-04-14,1.2853
2005-04-15,1.2787
2005-04-18,1.2713
2005-04-19,1.2655
2005-04-20,1.2603
2005-04-21,1.2581
2005-04-22,1.2536
2005-04-25,1.2502
2005-04-26,1.246
2005-04-27,1.2409
2005-04-28,1.2351
2005-04-29,1.2287
2005-05-02,1.222
2005-05-03,1.2143
2005-05-04,1.2085
2005-05-05,1.2025
2005-05-06,1.1971
2005-05-09,1.1913
2005-05-10,1.1859
2005-05-11,1.1785
2005-05-12,1.1707
2005-05-13,1.1645
2005-05-16,1.1588
2005-05-17,1.1521
2005-05-18,1.1454
2005-05-19,1.1392
2005-05-20,1.1329
2005-05-23,1.1307
2005-05-24,1.1276
2005-05-25,1.1263
2005-05-26,1.1299
2005-05-27,1.1353
2005-05-31,1.1395
2005-06-01,1.1428
2005-06-02,1.1474
2005-06-03,1.1486
2005-06-06,1.1511
2005-06-07,1.1506
2005-06-08,1.1514
2005-06-09,1.1531
2005-06-10,1.1534
2005-06-13,1.1532
2005-06-14,1.1528
2005-06-15,1.1537
2005-06-16,1.1546
2005-06-17,1.1562
2005-06-20,1.1566
2005-06-21,1.1575
2005-06-22,1.1597
2005-06-23,1.1631
2005-06-24,1.1668
2005-06-27,1.1692
2005-06-28,1.171
2005-06-29,1.1721
2005-06-30,1.1731
2005-07-01,1.172
2005-07-05,1.1724
2005-07-06,1.17
2005-07-07,1.1679
2005-07-08,1.1663
2005-07-11,1.1636
2005-07-12,1.1612
2005-07-13,1.1598
2005-07-14,1.1602
2005-07-15,1.1618
2005-07-18,1.1651
2005-07-19,1.1705
2005-07-20,1.1778
2005-07-21,1.1843
2005-07-22,1.1909
2005-07-25,1.1991
2005-07-26,1.207
2005-07-27,1.2152
2005-07-28,1.2221
2005-07-29,1.2269
2005-08-01,1.2314
2005-08-02,1.2371
2005-08-03,1.2426
2005-08-04,1.2469
2005-08-05,1.2511
2005-08-08,1.2562
2005-08-09,1.2631
2005-08-10,1.2693
2005-08-11,1.2771
2005-08-12,1.2867
2005-08-15,1.2981
2005-08-16,1.3066
2005-08-17,1.3167
2005-08-18,1.3256
2005-08-19,1.3333
2005-08-22,1.3413
2005-08-23,1.349
2005-08-24,1.3566
2005-08-25,1.3621
2005-08-26,1.3664
2005-08-29,1.3709
2005-08-30,1.3743
2005-08-31,1.3777
2005-09-01,1.3807
2005-09-02,1.383
2005-09-06,1.3881
2005-09-07,1.3933
2005-09-08,1.3993
2005-09-09,1.407
2005-09-12,1.416
2005-09-13,1.4242
2005-09-14,1.4308
2005-09-15,1.4377
2005-09-16,1.4464
2005-09-19,1.4563
2005-09-20,1.4671
2005-09-21,1.4756
2005-09-22,1.4844
2005-09-23,1.4938
2005-09-26,1.5018
2005-09-27,1.5077
2005-09-28,1.5127
2005-09-29,1.518
2005-09-30,1.5255
2005-10-03,1.5343
2005-10-04,1.5424
2005-10-05,1.5497
2005-10-06,1.5557
2005-10-07,1.5611
2005-10-10,1.5659
2005-10-11,1.5718
2005-10-12,1.5745
2005-10-13,1.5816
2005-10-14,1.5895
2005-10-17,1.5969
2005-10-18,1.6004
2005-10-19,1.6069
2005-10-20,1.6134
2005-10-21,1.6179
2005-10-24,1.6234
2005-10-25,1.6288
2005-10-26,1.6364
2005-10-27,1.6421
2005-10-28,1.6455
2005-10-31,1.6505
2005-11-01,1.655
2005-11-02,1.663
2005-11-03,1.6732
2005-11-04,1.6814
2005-11-07,1.688
2005-11-08,1.6946
2005-11-09,1.7039
2005-11-10,1.7129
2005-11-11,1.7211
2005-11-14,1.7283
2005-11-15,1.737
2005-11-16,1.7495
2005-11-17,1.7627
2005-11-18,1.7763
2005-11-21,1.7913
2005-11-22,1.8066
2005-11-23,1.825
2005-11-25,1.841
2005-11-28,1.8571
2005-11-29,1.8721
2005-11-30,1.8882
2005-12-01,1.9053
2005-12-02,1.9222
2005-12-05,1.9388
2005-12-06,1.9565
2005-12-07,1.9748
2005-12-08,1.9924
2005-12-09,2.0118
2005-12-12,2.0328
2005-12-13,2.0506
2005-12-14,2.0655
2005-12-15,2.0781
2005-12-16,2.0876
2005-12-19,2.0981
2005-12-20,2.1103
2005-12-21,2.1243
2005-12-22,2.1385
2005-12-23,2.151
2005-12-27,2.1641
2005-12-28,2.1765
2005-12-29,2.1859
2005-12-30,2.1931
2006-01-03,2.2036
2006-01-04,2.2143
2006-01-05,2.2239
2006-01-06,2.234
2006-01-09,2.2431
2006-01-10,2.255
2006-01-11,2.2696
2006-01-12,2.2862
2006-01-13,2.3045
2006-01-17,2.3179
2006-01-18,2.3281
2006-01-19,2.3355
2006-01-20,2.3376
2006-01-23,2.3414
2006-01-24,2.3434
2006-01-25,2.3433
2006-01-26,2.3406
2006-01-27,2.3376
2006-01-30,2.3407
2006-01-31,2.3441
2006-02-01,2.3485
2006-02-02,2.3492
2006-02-03,2.349
2006-02-06,2.3426
2006-02-07,2.336
2006-02-08,2.3313
2006-02-09,2.3218
2006-02-10,2.3154
2006-02-13,2.3085
2006-02-14,2.3041
2006-02-15,2.2984
2006-02-16,2.2939
2006-02-17,2.2897
2006-02-21,2.2823
2006-02-22,2.2774
2006-02-23,2.2681
2006-02-24,2.2553
2006-02-27,2.2417
2006-02-28,2.2241
2006-03-01,2.2081
2006-03-02,2.1948
2006-03-03,2.1832
2006-03-06,2.1723
2006-03-07,2.1607
2006-03-08,2.15
2006-03-09,2.1395
2006-03-10,2.1301
2006-03-13,2.1236
2006-03-14,2.1157
2006-03-15,2.1061
2006-03-16,2.0947
2006-03-17,2.0871
2006-03-20,2.079
2006-03-21,2.0734
2006-03-22,2.0673
2006-03-23,2.0584
2006-03-24,2.0533
2006-03-27,2.0453
2006-03-28,2.0391
2006-03-29,2.0337
2006-03-30,2.027
2006-03-31,2.019
2006-04-03,2.0111
2006-04-04,2.003
2006-04-05,1.9988
2006-04-06,1.9982
2006-04-07,1.9965
2006-04-10,1.9941
2006-04-11,1.9936
2006-04-12,1.9912
2006-04-13,1.988
2006-04-17,1.985
2006-04-18,1.9857
2006-04-19,1.9851
2006-04-20,1.9871
2006-04-21,1.9903
2006-04-24,1.9929
2006-04-25,1.9934
2006-04-26,1.9943
2006-04-27,1.9975
2006-04-28,2.0037
2006-05-01,2.0088
2006-05-02,2.0166
2006-05-03,2.0262
2006-05-04,2.0359
2006-05-05,2.048
2006-05-08,2.0602
2006-05-09,2.072
2006-05-10,2.0842
2006-05-11,2.0902
2006-05-12,2.0953
2006-05-15,2.1005
2006-05-16,2.1029
2006-05-17,2.1071
2006-05-18,2.103
2006-05-19,2.0961
2006-05-22,2.0895
2006-05-23,2.0838
2006-05-24,2.079
2006-05-25,2.0766
2006-05-26,2.0736
2006-05-30,2.0699
2006-05-31,2.0633
2006-06-01,2.0597
2006-06-02,2.0536
2006-06-05,2.0463
2006-06-06,2.0402
2006-06-07,2.0323
2006-06-08,2.0248
2006-06-09,2.0147
2006-06-12,2.0009
2006-06-13,1.9893
2006-06-14,1.9749
2006-06-15,1.9629
2006-06-16,1.9489
2006-06-19,1.9339
2006-06-20,1.919
2006-06-21,1.9055
2006-06-22,1.8942
2006-06-23,1.8846
2006-06-26,1.8757
2006-06-27,1.8651
2006-06-28,1.8559
2006-06-29,1.8494
2006-06-30,1.8433
2006-07-03,1.8366
2006-07-05,1.83
2006-07-06,1.8225
2006-07-07,1.8143
2006-07-10,1.8047
2006-07-11,1.7966
2006-07-12,1.7881
2006-07-13,1.7804
2006-07-14,1.7686
2006-07-17,1.7591
2006-07-18,1.7518
2006-07-19,1.746
2006-07-20,1.748
2006-07-21,1.7479
2006-07-24,1.7499
2006-07-25,1.755
2006-07-26,1.7606
2006-07-27,1.7666
2006-07-28,1.773
2006-07-31,1.7836
2006-08-01,1.7939
2006-08-02,1.8049
2006-08-03,1.8169
2006-08-04,1.8259
2006-08-07,1.8345
2006-08-08,1.8404
2006-08-09,1.8467
2006-08-10,1.855
2006-08-11,1.8598
2006-08-14,1.8667
2006-08-15,1.8754
2006-08-16,1.8867
2006-08-17,1.8988
2006-08-18,1.9117
2006-08-21,1.9235
2006-08-22,1.9358
2006-08-23,1.9505
2006-08-24,1.9665
2006-08-25,1.9851
2006-08-28,2.0001
2006-08-29,2.014
2006-08-30,2.0272
2006-08-31,2.0348
2006-09-01,2.0427
2006-09-05,2.053
2006-09-06,2.0613
2006-09-07,2.0705
2006-09-08,2.0798
2006-09-11,2.0869
2006-09-12,2.0917
2006-09-13,2.0989
2006-09-14,2.1051
2006-09-15,2.1097
2006-09-18,2.1155
2006-09-19,2.1222
2006-09-20,2.133
2006-09-21,2.1443
2006-09-22,2.1535
2006-09-25,2.1659
2006-09-26,2.18
2006-09-27,2.1902
2006-09-28,2.1995
2006-09-29,2.2091
2006-10-02,2.2162
2006-10-03,2.224
2006-10-04,2.2319
2006-10-05,2.2396
2006-10-06,2.2462
2006-10-09,2.2523
2006-10-10,2.2593
2006-10-11,2.2662
2006-10-12,2.2747
2006-10-13,2.2821
2006-10-16,2.2893
2006-10-17,2.2922
2006-10-18,2.2968
2006-10-19,2.3032
2006-10-20,2.3108
2006-10-23,2.32
2006-10-24,2.3286
2006-10-25,2.3363
2006-10-26,2.3446
2006-10-27,2.351
2006-10-30,2.3577
2006-10-31,2.3652
2006-11-01,2.3693
2006-11-02,2.3737
2006-11-03,2.3791
2006-11-06,2.3832
2006-11-07,2.3862
2006-11-08,2.3924
2006-11-09,2.3989
2006-11-10,2.4052
2006-11-13,2.4149
2006-11-14,2.4262
2006-11-15,2.4351
2006-11-16,2.4461
2006-11-17,2.4581
2006-11-20,2.4702
2006-11-21,2.4854
2006-11-22,2.5029
2006-11-24,2.5198
2006-11-27,2.5347
2006-11-28,2.5515
2006-11-29,2.5695
2006-11-30,2.5871
2006-12-01,2.5997
2006-12-04,2.6112
2006-12-05,2.6213
2006-12-06,2.6303
2006-12-07,2.6358
2006-12-08,2.642
2006-12-11,2.6506
2006-12-12,2.6565
2006-12-13,2.6647
2006-12-14,2.6743
2006-12-15,2.6833
2006-12-18,2.6907
2006-12-19,2.6974
2006-12-20,2.7018
2006-12-21,2.7023
2006-12-22,2.7011
2006-12-26,2.6994
2006-12-27,2.6965
2006-12-28,2.6923
2006-12-29,2.6931
2007-01-03,2.6912
2007-01-04,2.691
2007-01-05,2.6896
2007-01-08,2.6864
2007-01-09,2.6887
2007-01-10,2.6942
2007-01-11,2.7006
2007-01-12,2.7035
2007-01-16,2.709
2007-01-17,2.7123
2007-01-18,2.71
2007-01-19,2.7073
2007-01-22,2.7027
2007-01-23,2.6985
2007-01-24,2.6981
2007-01-25,2.6961
2007-01-26,2.6926
2007-01-29,2.6924
2007-01-30,2.6888
2007-01-31,2.6859
2007-02-01,2.6829
2007-02-02,2.6821
2007-02-05,2.6797
2007-02-06,2.6791
2007-02-07,2.6824
2007-02-08,2.6865
2007-02-09,2.6883
2007-02-12,2.6918
2007-02-13,2.6957
2007-02-14,2.6962
2007-02-15,2.6976
2007-02-16,2.6968
2007-02-20,2.6976
2007-02-21,2.7015
2007-02-22,2.6983
2007-02-23,2.6902
2007-02-26,2.6828
2007-02-27,2.6719
2007-02-28,2.659
2007-03-01,2.6509
2007-03-02,2.6472
2007-03-05,2.6449
2007-03-06,2.6464
2007-03-07,2.6484
2007-03-08,2.6498
2007-03-09,2.6515
2007-03-12,2.6562
2007-03-13,2.6587
2007-03-14,2.6632
2007-03-15,2.6672
2007-03-16,2.6722
2007-03-19,2.6787
2007-03-20,2.6865
2007-03-21,2.6964
2007-03-22,2.7045
2007-03-23,2.712
2007-03-26,2.7249
2007-03-27,2.7358
2007-03-28,2.7446
2007-03-29,2.7532
2007-03-30,2.7611
2007-04-02,2.7702
2007-04-03,2.779
2007-04-04,2.7842
2007-04-05,2.7895
2007-04-09,2.7942
2007-04-10,2.8
2007-04-11,2.8089
2007-04-12,2.8167
2007-04-13,2.8199
2007-04-16,2.8261
2007-04-17,2.8303
2007-04-18,2.8325
2007-04-19,2.8351
2007-04-20,2.8382
2007-04-23,2.8439
2007-04-24,2.8473
2007-04-25,2.8545
2007-04-26,2.8635
2007-04-27,2.8742
2007-04-30,2.8847
2007-05-01,2.8932
2007-05-02,2.9024
2007-05-03,2.9091
2007-05-04,2.9161
2007-05-07,2.9268
2007-05-08,2.9363
2007-05-09,2.948
2007-05-10,2.9625
2007-05-11,2.9778
2007-05-14,2.9947
2007-05-15,3.009
2007-05-16,3.0222
2007-05-17,3.0377
2007-05-18,3.0535
2007-05-21,3.0723
2007-05-22,3.0921
2007-05-23,3.113
2007-05-24,3.132
2007-05-25,3.156
2007-05-29,3.1795
2007-05-30,3.2087
2007-05-31,3.2403
2007-06-01,3.2692
2007-06-04,3.3004
2007-06-05,3.3303
2007-06-06,3.3615
2007-06-07,3.391
2007-06-08,3.4174
2007-06-11,3.4382
2007-06-12,3.4593
2007-06-13,3.4778
2007-06-14,3.4967
2007-06-15,3.5173
2007-06-18,3.5422
2007-06-19,3.5625
2007-06-20,3.5794
2007-06-21,3.5969
2007-06-22,3.613
2007-06-25,3.627
2007-06-26,3.6375
2007-06-27,3.6523
2007-06-28,3.6659
2007-06-29,3.6788
2007-07-02,3.6903
2007-07-03,3.7059
2007-07-05,3.7257
2007-07-06,3.7456
2007-07-09,3.7658
2007-07-10,3.785
2007-07-11,3.8035
2007-07-12,3.8192
2007-07-13,3.8362
2007-07-16,3.8564
2007-07-17,3.8745
2007-07-18,3.8904
2007-07-19,3.9072
2007-07-20,3.9274
2007-07-23,3.9471
2007-07-24,3.9622
2007-07-25,3.9795
2007-07-26,4.0088
2007-07-27,4.0346
2007-07-30,4.056
2007-07-31,4.0629
2007-08-01,4.0745
2007-08-02,4.0899
2007-08-03,4.098
2007-08-06,4.1106
2007-08-07,4.1237
2007-08-08,4.1384
2007-08-09,4.143
2007-08-10,4.1476
2007-08-13,4.1535
2007-08-14,4.1563
2007-08-15,4.1489
2007-08-16,4.1327
2007-08-17,4.1222
2007-08-20,4.1139
2007-08-21,4.109
2007-08-22,4.1091
2007-08-23,4.106
2007-08-24,4.1035
2007-08-27,4.0975
2007-08-28,4.0851
2007-08-29,4.081
2007-08-30,4.0771
2007-08-31,4.0717
2007-09-04,4.0722
2007-09-05,4.0741
2007-09-06,4.0718
2007-09-07,4.0572
2007-09-10,4.0498
2007-09-11,4.0437
2007-09-12,4.049
2007-09-13,4.0512
2007-09-14,4.0536
2007-09-17,4.0604
2007-09-18,4.0662
2007-09-19,4.0721
2007-09-20,4.0785
2007-09-21,4.0968
2007-09-24,4.1207
2007-09-25,4.1467
2007-09-26,4.1763
2007-09-27,4.2118
2007-09-28,4.2492
2007-10-01,4.2844
2007-10-02,4.3216
2007-10-03,4.3528
2007-10-04,4.3771
2007-10-05,4.4083
2007-10-08,4.4418
2007-10-09,4.4784
2007-10-10,4.5194
2007-10-11,4.5483
2007-10-12,4.5801
2007-10-15,4.6094
2007-10-16,4.6355
2007-10-17,4.6725
2007-10-18,4.712
2007-10-19,4.7517
2007-10-22,4.7903
2007-10-23,4.8424
2007-10-24,4.8928
2007-10-25,4.9396
2007-10-26,4.9867
2007-10-29,5.0346
2007-10-30,5.0819
2007-10-31,5.1324
2007-11-01,5.1808
2007-11-02,5.2257
2007-11-05,5.2646
2007-11-06,5.3043
2007-11-07,5.3387
2007-11-08,5.3603
2007-11-09,5.3725
2007-11-12,5.3698
2007-11-13,5.3816
2007-11-14,5.3901
2007-11-15,5.3983
2007-11-16,5.4034
2007-11-19,5.3993
2007-11-20,5.4004
2007-11-21,5.4021
2007-11-23,5.4116
2007-11-26,5.4171
2007-11-27,5.4251
2007-11-28,5.436
2007-11-29,5.4479
2007-11-30,5.4568
2007-12-03,5.4655
2007-12-04,5.4711
2007-12-05,5.4704
2007-12-06,5.4745
2007-12-07,5.4864
2007-12-10,5.4961
2007-12-11,5.4997
2007-12-12,5.5036
2007-12-13,5.5056
2007-12-14,5.5086
2007-12-17,5.505
2007-12-18,5.5018
2007-12-19,5.4929
2007-12-20,5.4938
2007-12-21,5.5127
2007-12-24,5.5471
2007-12-26,5.5935
2007-12-27,5.6228
2007-12-28,5.6575
2007-12-31,5.6921
2008-01-02,5.7214
2008-01-03,5.7532
2008-01-04,5.7647
2008-01-07,5.7741
2008-01-08,5.7738
2008-01-09,5.7808
2008-01-10,5.7841
2008-01-11,5.7764
2008-01-14,5.7707
2008-01-15,5.7572
2008-01-16,5.7375
2008-01-17,5.7181
2008-01-18,5.6933
2008-01-22,5.658
2008-01-23,5.6013
2008-01-24,5.5411
2008-01-25,5.481
2008-01-28,5.4186
2008-01-29,5.3566
2008-01-30,5.2969
2008-01-31,5.2465
2008-02-01,5.196
2008-02-04,5.1431
2008-02-05,5.0837
2008-02-06,5.0099
2008-02-07,4.9302
2008-02-08,4.8548
2008-02-11,4.7838
2008-02-12,4.7068
2008-02-13,4.6363
2008-02-14,4.5671
2008-02-15,4.4949
2008-02-19,4.4355
2008-02-20,4.3802
2008-02-21,4.3292
2008-02-22,4.2677
2008-02-25,4.2078
2008-02-26,4.1528
2008-02-27,4.0955
2008-02-28,4.0553
2008-02-29,4.0198
2008-03-03,3.9796
2008-03-04,3.9418
2008-03-05,3.9099
2008-03-06,3.8912
2008-03-07,3.8775
2008-03-10,3.8669
2008-03-11,3.8642
2008-03-12,3.8585
2008-03-13,3.8542
2008-03-14,3.8452
2008-03-17,3.838
2008-03-18,3.8392
2008-03-19,3.8395
2008-03-20,3.8511
2008-03-24,3.8699
2008-03-25,3.8858
2008-03-26,3.9018
2008-03-27,3.9176
2008-03-28,3.9316
2008-03-31,3.9481
2008-04-01,3.9736
2008-04-02,3.9996
2008-04-03,4.0282
2008-04-04,4.0605
2008-04-07,4.0979
2008-04-08,4.1319
2008-04-09,4.1651
2008-04-10,4.1975
2008-04-11,4.2152
2008-04-14,4.2386
2008-04-15,4.266
2008-04-16,4.2958
2008-04-17,4.3266
2008-04-18,4.3678
2008-04-21,4.4149
2008-04-22,4.4565
2008-04-23,4.493
2008-04-24,4.5371
2008-04-25,4.58
2008-04-28,4.6269
2008-04-29,4.6765
2008-04-30,4.7187
2008-05-01,4.7704
2008-05-02,4.8193
2008-05-05,4.8658
2008-05-06,4.9127
2008-05-07,4.9512
2008-05-08,4.9972
2008-05-09,5.0387
2008-05-12,5.0846
2008-05-13,5.1261
2008-05-14,5.1659
2008-05-15,5.2051
2008-05-16,5.2405
2008-05-19,5.269
2008-05-20,5.3029
2008-05-21,5.3304
2008-05-22,5.3535
2008-05-23,5.3885
2008-05-27,5.4281
2008-05-28,5.4678
2008-05-29,5.5017
2008-05-30,5.5369
2008-06-02,5.5626
2008-06-03,5.5803
2008-06-04,5.6059
2008-06-05,5.6332
2008-06-06,5.6503
2008-06-09,5.6625
2008-06-10,5.6763
2008-06-11,5.6822
2008-06-12,5.6815
2008-06-13,5.6737
2008-06-16,5.6694
2008-06-17,5.6661
2008-06-18,5.6579
2008-06-19,5.6562
2008-06-20,5.6461
2008-06-23,5.6356
2008-06-24,5.6203
2008-06-25,5.6074
2008-06-26,5.5889
2008-06-27,5.5687
2008-06-30,5.548
2008-07-01,5.5388
2008-07-02,5.5206
2008-07-03,5.5124
2008-07-07,5.5104
2008-07-08,5.5087
2008-07-09,5.4962
2008-07-10,5.4856
2008-07-11,5.4711
2008-07-14,5.4558
2008-07-15,5.4389
2008-07-16,5.426
2008-07-17,5.4123
2008-07-18,5.3874
2008-07-21,5.3675
2008-07-22,5.3474
2008-07-23,5.3275
2008-07-24,5.3051
2008-07-25,5.2937
2008-07-28,5.2752
2008-07-29,5.2549
2008-07-30,5.2328
2008-07-31,5.2125
2008-08-01,5.1876
2008-08-04,5.1649
2008-08-05,5.1521
2008-08-06,5.1428
2008-08-07,5.1286
2008-08-08,5.1299
2008-08-11,5.1335
2008-08-12,5.143
2008-08-13,5.1478
2008-08-14,5.1592
2008-08-15,5.165
2008-08-18,5.1652
2008-08-19,5.159
2008-08-20,5.1607
2008-08-21,5.1583
2008-08-22,5.1626
2008-08-25,5.1612
2008-08-26,5.1653
2008-08-27,5.1672
2008-08-28,5.1692
2008-08-29,5.1737
2008-09-02,5.1736
2008-09-03,5.1787
2008-09-04,5.1735
2008-09-05,5.1747
2008-09-08,5.1704
2008-09-09,5.1676
2008-09-10,5.162
2008-09-11,5.1545
2008-09-12,5.1443
2008-09-15,5.1275
2008-09-16,5.1138
2008-09-17,5.0801
2008-09-18,5.0492
2008-09-19,5.0259
2008-09-22,4.9864
2008-09-23,4.9384
2008-09-24,4.8891
2008-09-25,4.8405
2008-09-26,4.788
2008-09-29,4.7157
2008-09-30,4.6523
2008-10-01,4.5861
2008-10-02,4.5084
2008-10-03,4.4291
2008-10-06,4.3483
2008-10-07,4.2627
2008-10-08,4.1766
2008-10-09,4.0884
2008-10-10,4.0093
2008-10-13,3.9485
2008-10-14,3.8847
2008-10-15,3.8138
2008-10-16,3.7529
2008-10-17,3.6885
2008-10-20,3.6274
2008-10-21,3.5656
2008-10-22,3.5094
2008-10-23,3.4535
2008-10-24,3.3995
2008-10-27,3.35
2008-10-28,3.3089
2008-10-29,3.285
2008-10-30,3.2613
2008-10-31,3.2271
2008-11-03,3.2024
2008-11-04,3.1861
2008-11-05,3.16
2008-11-06,3.1263
2008-11-07,3.0955
2008-11-10,3.0859
2008-11-11,3.0665
2008-11-12,3.047
2008-11-13,3.0432
2008-11-14,3.0362
2008-11-17,3.0259
2008-11-18,3.0267
2008-11-19,3.0231
2008-11-20,3.0146
2008-11-21,3.0
2008-11-24,2.9823
2008-11-25,2.9686
2008-11-26,2.9656
2008-11-28,2.9561
2008-12-01,2.9474
2008-12-02,2.9413
2008-12-03,2.9458
2008-12-04,2.9402
2008-12-05,2.9359
2008-12-08,2.9393
2008-12-09,2.9475
2008-12-10,2.9457
2008-12-11,2.9359
2008-12-12,2.9228
2008-12-15,2.9096
2008-12-16,2.8978
2008-12-17,2.8754
2008-12-18,2.8611
2008-12-19,2.8518
2008-12-22,2.839
2008-12-23,2.8292
2008-12-24,2.8192
2008-12-26,2.8148
2008-12-29,2.8047
2008-12-30,2.8006
2008-12-31,2.7978
2009-01-02,2.7986
2009-01-05,2.8071
2009-01-06,2.82
2009-01-07,2.8287
2009-01-08,2.8284
2009-01-09,2.8282
2009-01-12,2.8217
2009-01-13,2.8166
2009-01-14,2.8129
2009-01-15,2.8036
2009-01-16,2.7896
2009-01-20,2.7761
2009-01-21,2.7646
2009-01-22,2.7529
2009-01-23,2.7409
2009-01-26,2.7321
2009-01-27,2.7277
2009-01-28,2.7235
2009-01-29,2.7217
2009-01-30,2.7163
2009-02-02,2.7187
2009-02-03,2.7224
2009-02-04,2.726
2009-02-05,2.737
2009-02-06,2.7507
2009-02-09,2.7687
2009-02-10,2.781
2009-02-11,2.7915
2009-02-12,2.8048
2009-02-13,2.819
2009-02-17,2.8229
2009-02-18,2.8227
2009-02-19,2.8202
2009-02-20,2.8204
2009-02-23,2.8145
2009-02-24,2.8142
2009-02-25,2.8167
2009-02-26,2.8182
2009-02-27,2.8223
2009-03-02,2.827
2009-03-03,2.8332
2009-03-04,2.8465
2009-03-05,2.8527
2009-03-06,2.8496
2009-03-09,2.8442
2009-03-10,2.8431
2009-03-11,2.8451
2009-03-12,2.8473
2009-03-13,2.8504
2009-03-16,2.8558
2009-03-17,2.8642
2009-03-18,2.8729
2009-03-19,2.8812
2009-03-20,2.8865
2009-03-23,2.8946
2009-03-24,2.8991
2009-03-25,2.908
2009-03-26,2.9214
2009-03-27,2.9291
2009-03-30,2.9346
2009-03-31,2.9455
2009-04-01,2.9602
2009-04-02,2.9829
2009-04-03,3.0083
2009-04-06,3.0407
2009-04-07,3.0661
2009-04-08,3.0919
2009-04-09,3.1231
2009-04-13,3.1548
2009-04-14,3.186
2009-04-15,3.2161
2009-04-16,3.2472
2009-04-17,3.2827
2009-04-20,3.3188
2009-04-21,3.3585
2009-04-22,3.3923
2009-04-23,3.4259
2009-04-24,3.4542
2009-04-27,3.4837
2009-04-28,3.513
2009-04-29,3.5392
2009-04-30,3.5641
2009-05-01,3.5904
2009-05-04,3.6217
2009-05-05,3.6474
2009-05-06,3.6738
2009-05-07,3.697
2009-05-08,3.7168
2009-05-11,3.7401
2009-05-12,3.7606
2009-05-13,3.7754
2009-05-14,3.79
2009-05-15,3.8
2009-05-18,3.8109
2009-05-19,3.8202
2009-05-20,3.8313
2009-05-21,3.8394
2009-05-22,3.8424
2009-05-26,3.8533
2009-05-27,3.8684
2009-05-28,3.8863
2009-05-29,3.901
2009-06-01,3.9174
2009-06-02,3.9369
2009-06-03,3.9566
2009-06-04,3.9794
2009-06-05,3.9992
2009-06-08,4.0197
2009-06-09,4.0382
2009-06-10,4.055
2009-06-11,4.0702
2009-06-12,4.0816
2009-06-15,4.0907
2009-06-16,4.0951
2009-06-17,4.098
2009-06-18,4.1015
2009-06-19,4.1122
2009-06-22,4.1206
2009-06-23,4.1252
2009-06-24,4.1373
2009-06-25,4.1582
2009-06-26,4.1782
2009-06-29,4.1983
2009-06-30,4.2145
2009-07-01,4.2303
2009-07-02,4.2448
2009-07-06,4.2596
2009-07-07,4.2729
2009-07-08,4.2795
2009-07-09,4.2829
2009-07-10,4.2864
2009-07-13,4.2931
2009-07-14,4.2961
2009-07-15,4.3037
2009-07-16,4.3105
2009-07-17,4.3187
2009-07-20,4.3271
2009-07-21,4.335
2009-07-22,4.3494
2009-07-23,4.3674
2009-07-24,4.388
2009-07-27,4.4118
2009-07-28,4.4363
2009-07-29,4.4606
2009-07-30,4.4886
2009-07-31,4.5168
2009-08-03,4.5445
2009-08-04,4.5734
2009-08-05,4.6054
2009-08-06,4.6338
2009-08-07,4.6601
2009-08-10,4.683
2009-08-11,4.7044
2009-08-12,4.7279
2009-08-13,4.7542
2009-08-14,4.7817
2009-08-17,4.8032
2009-08-18,4.8326
2009-08-19,4.8607
2009-08-20,4.8915
2009-08-21,4.923
2009-08-24,4.9505
2009-08-25,4.9783
2009-08-26,4.9994
2009-08-27,5.0219
2009-08-28,5.0407
2009-08-31,5.0564
2009-09-01,5.0706
2009-09-02,5.0792
2009-09-03,5.0882
2009-09-04,5.0988
2009-09-08,5.112
2009-09-09,5.1234
2009-09-10,5.1363
2009-09-11,5.1459
2009-09-14,5.1565
2009-09-15,5.1655
2009-09-16,5.1822
2009-09-17,5.2022
2009-09-18,5.2239
2009-09-21,5.2429
2009-09-22,5.2632
2009-09-23,5.2864
2009-09-24,5.3055
2009-09-25,5.3198
2009-09-28,5.3397
2009-09-29,5.3661
2009-09-30,5.3881
2009-10-01,5.4048
2009-10-02,5.4238
2009-10-05,5.4411
2009-10-06,5.4626
2009-10-07,5.484
2009-10-08,5.5065
2009-10-09,5.528
2009-10-12,5.5494
2009-10-13,5.5718
2009-10-14,5.5984
2009-10-15,5.6245
2009-10-16,5.6466
2009-10-19,5.6667
2009-10-20,5.6932
2009-10-21,5.7279
2009-10-22,5.7614
2009-10-23,5.794
2009-10-26,5.8236
2009-10-27,5.8464
2009-10-28,5.8572
2009-10-29,5.8693
2009-10-30,5.8729
2009-11-02,5.8783
2009-11-03,5.8827
2009-11-04,5.8881
2009-11-05,5.8986
2009-11-06,5.9109
2009-11-09,5.9266
2009-11-10,5.9447
2009-11-11,5.9631
2009-11-12,5.9848
2009-11-13,6.0048
2009-11-16,6.026
2009-11-17,6.0435
2009-11-18,6.0596
2009-11-19,6.0711
2009-11-20,6.0808
2009-11-23,6.0963
2009-11-24,6.1111
2009-11-25,6.1244
2009-11-27,6.1347
2009-11-30,6.1468
2009-12-01,6.1541
2009-12-02,6.1515
2009-12-03,6.1429
2009-12-04,6.1307
2009-12-07,6.1153
2009-12-08,6.1023
2009-12-09,6.1028
2009-12-10,6.1069
2009-12-11,6.1052
2009-12-14,6.1139
2009-12-15,6.1189
2009-12-16,6.1253
2009-12-17,6.1264
2009-12-18,6.1278
2009-12-21,6.1318
2009-12-22,6.1307
2009-12-23,6.1298
2009-12-24,6.1358
2009-12-28,6.1456
2009-12-29,6.1504
2009-12-30,6.1556
2009-12-31,6.1594
2010-01-04,6.1677
2010-01-05,6.1819
2010-01-06,6.1932
2010-01-07,6.1981
2010-01-08,6.2058
2010-01-11,6.2119
2010-01-12,6.2192
2010-01-13,6.2302
2010-01-14,6.243
2010-01-15,6.253
2010-01-19,6.272
2010-01-20,6.2909
2010-01-21,6.3106
2010-01-22,6.3187
2010-01-25,6.3241
2010-01-26,6.3339
2010-01-27,6.3474
2010-01-28,6.3498
2010-01-29,6.3476
2010-02-01,6.3473
2010-02-02,6.3514
2010-02-03,6.3553
2010-02-04,6.349
2010-02-05,6.344
2010-02-08,6.3358
2010-02-09,6.3226
2010-02-10,6.3056
2010-02-11,6.2949
2010-02-12,6.2834
2010-02-16,6.2758
2010-02-17,6.2641
2010-02-18,6.2523
2010-02-19,6.2428
2010-02-22,6.2323
2010-02-23,6.217
2010-02-24,6.2073
2010-02-25,6.2014
2010-02-26,6.1952
2010-03-01,6.1948
2010-03-02,6.1978
2010-03-03,6.1919
2010-03-04,6.1909
2010-03-05,6.202
2010-03-08,6.2239
2010-03-09,6.2444
2010-03-10,6.2638
2010-03-11,6.2819
2010-03-12,6.31
2010-03-15,6.3426
2010-03-16,6.3731
2010-03-17,6.4021
2010-03-18,6.4282
2010-03-19,6.4592
2010-03-22,6.4893
2010-03-23,6.5245
2010-03-24,6.5585
2010-03-25,6.5909
2010-03-26,6.624
2010-03-29,6.6569
2010-03-30,6.6902
2010-03-31,6.7235
2010-04-01,6.7574
2010-04-05,6.7953
2010-04-06,6.8354
2010-04-07,6.8801
2010-04-08,6.9205
2010-04-09,6.9613
2010-04-12,7.0
2010-04-13,7.0344
2010-04-14,7.0722
2010-04-15,7.1128
2010-04-16,7.1505
2010-04-19,7.1794
2010-04-20,7.2056
2010-04-21,7.2428
2010-04-22,7.2855
2010-04-23,7.3321
2010-04-26,7.3761
2010-04-27,7.4153
2010-04-28,7.4535
2010-04-29,7.4992
2010-04-30,7.5366
2010-05-03,7.5819
2010-05-04,7.6167
2010-05-05,7.6451
2010-05-06,7.6624
2010-05-07,7.6719
2010-05-10,7.6956
2010-05-11,7.7204
2010-05-12,7.7473
2010-05-13,7.7713
2010-05-14,7.7896
2010-05-17,7.8058
2010-05-18,7.819
2010-05-19,7.8269
2010-05-20,7.8247
2010-05-21,7.8252
2010-05-24,7.8298
2010-05-25,7.8327
2010-05-26,7.831
2010-05-27,7.8356
2010-05-28,7.8453
2010-06-01,7.8594
2010-06-02,7.8793
2010-06-03,7.8833
2010-06-04,7.8725
2010-06-07,7.8521
2010-06-08,7.8314
2010-06-09,7.8121
2010-06-10,7.8007
2010-06-11,7.7851
2010-06-14,7.7781
2010-06-15,7.7713
2010-06-16,7.7801
2010-06-17,7.7964
2010-06-18,7.825
2010-06-21,7.8602
2010-06-22,7.8806
2010-06-23,7.8955
2010-06-24,7.9025
2010-06-25,7.9111
2010-06-28,7.926
2010-06-29,7.928
2010-06-30,7.9271
2010-07-01,7.9273
2010-07-02,7.9367
2010-07-06,7.9432
2010-07-07,7.9554
2010-07-08,7.9686
2010-07-09,7.9845
2010-07-12,7.9886
2010-07-13,7.9834
2010-07-14,7.9751
2010-07-15,7.9622
2010-07-16,7.9486
2010-07-19,7.938
2010-07-20,7.939
2010-07-21,7.944
2010-07-22,7.9602
2010-07-23,7.9699
2010-07-26,7.9759
2010-07-27,7.9859
2010-07-28,7.9872
2010-07-29,7.9778
2010-07-30,7.9628
2010-08-02,7.9503
2010-08-03,7.9418
2010-08-04,7.9306
2010-08-05,7.9211
2010-08-06,7.912
2010-08-09,7.9069
2010-08-10,7.8978
2010-08-11,7.8916
2010-08-12,7.8919
2010-08-13,7.8925
2010-08-16,7.8932
2010-08-17,7.8967
2010-08-18,7.8909
2010-08-19,7.8825
2010-08-20,7.8723
2010-08-23,7.8605
2010-08-24,7.8483
2010-08-25,7.8382
2010-08-26,7.8267
2010-08-27,7.8182
2010-08-30,7.815
2010-08-31,7.806
2010-09-01,7.802
2010-09-02,7.795
2010-09-03,7.7938
2010-09-07,7.7922
2010-09-08,7.7911
2010-09-09,7.7932
2010-09-10,7.7987
2010-09-13,7.8087
2010-09-14,7.8151
2010-09-15,7.8236
2010-09-16,7.8376
2010-09-17,7.8516
2010-09-20,7.8754
2010-09-21,7.898
2010-09-22,7.9271
2010-09-23,7.9668
2010-09-24,8.0085
2010-09-27,8.0517
2010-09-28,8.0919
2010-09-29,8.1283
2010-09-30,8.1598
2010-10-01,8.1933
2010-10-04,8.2231
2010-10-05,8.2674
2010-10-06,8.318
2010-10-07,8.3655
2010-10-08,8.4208
2010-10-11,8.4759
2010-10-12,8.5335
2010-10-13,8.5921
2010-10-14,8.6454
2010-10-15,8.7097
2010-10-18,8.7705
2010-10-19,8.8236
2010-10-20,8.8725
2010-10-21,8.9202
2010-10-22,8.9654
2010-10-25,9.0083
2010-10-26,9.0494
2010-10-27,9.088
2010-10-28,9.1174
2010-10-29,9.1437
2010-11-01,9.1652
2010-11-02,9.1915
2010-11-03,9.2172
2010-11-04,9.2474
2010-11-05,9.2729
2010-11-08,9.3011
2010-11-09,9.3311
2010-11-10,9.3625
2010-11-11,9.3963
2010-11-12,9.4225
2010-11-15,9.4517
2010-11-16,9.4647
2010-11-17,9.4763
2010-11-18,9.496
2010-11-19,9.509
2010-11-22,9.5275
2010-11-23,9.538
2010-11-24,9.553
2010-11-26,9.566
2010-11-29,9.5682
2010-11-30,9.5612
2010-12-01,9.5683
2010-12-02,9.5761
2010-12-03,9.5842
2010-12-06,9.5973
2010-12-07,9.6069
2010-12-08,9.6202
2010-12-09,9.6324
2010-12-10,9.6482
2010-12-13,9.6694
2010-12-14,9.686
2010-12-15,9.6973
2010-12-16,9.7059
2010-12-17,9.7083
2010-12-20,9.7135
2010-12-21,9.7193
2010-12-22,9.7286
2010-12-23,9.7343
2010-12-27,9.7426
2010-12-28,9.7605
2010-12-29,9.7792
2010-12-30,9.8019
2010-12-31,9.8245
2011-01-03,9.8462
2011-01-04,9.8715
2011-01-05,9.8927
2011-01-06,9.9183
2011-01-07,9.9402
2011-01-10,9.9684
2011-01-11,9.9938
2011-01-12,10.028
2011-01-13,10.0581
2011-01-14,10.0892
2011-01-18,10.1131
2011-01-19,10.1322
2011-01-20,10.1471
2011-01-21,10.153
2011-01-24,10.1711
2011-01-25,10.1925
2011-01-26,10.2153
2011-01-27,10.2388
2011-01-28,10.255
2011-01-31,10.2736
2011-02-01,10.2986
2011-02-02,10.3213
2011-02-03,10.3411
2011-02-04,10.363
2011-02-07,10.392
2011-02-08,10.4234
2011-02-09,10.4569
2011-02-10,10.487
2011-02-11,10.5211
2011-02-14,10.5587
2011-02-15,10.5898
2011-02-16,10.6225
2011-02-17,10.6475
2011-02-18,10.6647
2011-02-22,10.6673
2011-02-23,10.6675
2011-02-24,10.6687
2011-02-25,10.6726
2011-02-28,10.6803
2011-03-01,10.6812
2011-03-02,10.6929
2011-03-03,10.7142
2011-03-04,10.7423
2011-03-07,10.7717
2011-03-08,10.7905
2011-03-09,10.8018
2011-03-10,10.8047
2011-03-11,10.8138
2011-03-14,10.8317
2011-03-15,10.838
2011-03-16,10.8225
2011-03-17,10.8126
2011-03-18,10.7995
2011-03-21,10.7921
2011-03-22,10.7811
2011-03-23,10.7647
2011-03-24,10.7511
2011-03-25,10.7481
2011-03-28,10.7415
2011-03-29,10.733
2011-03-30,10.7215
2011-03-31,10.7065
2011-04-01,10.6923
2011-04-04,10.6827
2011-04-05,10.683
2011-04-06,10.6783
2011-04-07,10.6734
2011-04-08,10.6599
2011-04-11,10.6369
2011-04-12,10.6196
2011-04-13,10.6031
2011-04-14,10.5753
2011-04-15,10.5419
2011-04-18,10.5177
2011-04-19,10.4993
2011-04-20,10.489
2011-04-21,10.4931
2011-04-25,10.4942
2011-04-26,10.491
2011-04-27,10.4958
2011-04-28,10.513
2011-04-29,10.5289
2011-05-02,10.5449
2011-05-03,10.5541
2011-05-04,10.5627
2011-05-05,10.5704
2011-05-06,10.5722
2011-05-09,10.5681
2011-05-10,10.5671
2011-05-11,10.5633
2011-05-12,10.5611
2011-05-13,10.5529
2011-05-16,10.5414
2011-05-17,10.5362
2011-05-18,10.5372
2011-05-19,10.5397
2011-05-20,10.5368
2011-05-23,10.5361
2011-05-24,10.5376
2011-05-25,10.5421
2011-05-26,10.5409
2011-05-27,10.546
2011-05-31,10.5669
2011-06-01,10.581
2011-06-02,10.5894
2011-06-03,10.5905
2011-06-06,10.5775
2011-06-07,10.556
2011-06-08,10.5373
2011-06-09,10.5181
2011-06-10,10.4967
2011-06-13,10.4726
2011-06-14,10.4583
2011-06-15,10.4363
2011-06-16,10.4113
2011-06-17,10.3841
2011-06-20,10.3519
2011-06-21,10.329
2011-06-22,10.3014
2011-06-23,10.285
2011-06-24,10.2642
2011-06-27,10.2555
2011-06-28,10.2575
2011-06-29,10.2554
2011-06-30,10.2511
2011-07-01,10.2539
2011-07-05,10.2685
2011-07-06,10.2863
2011-07-07,10.312
2011-07-08,10.3355
2011-07-11,10.355
2011-07-12,10.3718
2011-07-13,10.3823
2011-07-14,10.3949
2011-07-15,10.4142
2011-07-18,10.4454
2011-07-19,10.4852
2011-07-20,10.5415
2011-07-21,10.5981
2011-07-22,10.6615
2011-07-25,10.7361
2011-07-26,10.815
2011-07-27,10.8767
2011-07-28,10.9435
2011-07-29,11.0106
2011-08-01,11.0892
2011-08-02,11.1647
2011-08-03,11.2338
2011-08-04,11.29
2011-08-05,11.3336
2011-08-08,11.3611
2011-08-09,11.4042
2011-08-10,11.4334
2011-08-11,11.4741
2011-08-12,11.5166
2011-08-15,11.5578
2011-08-16,11.5897
2011-08-17,11.6191
2011-08-18,11.6282
2011-08-19,11.6244
2011-08-22,11.627
2011-08-23,11.6473
2011-08-24,11.666
2011-08-25,11.6824
2011-08-26,11.7015
2011-08-29,11.7181
2011-08-30,11.7316
2011-08-31,11.7295
2011-09-01,11.7231
2011-09-02,11.7033
2011-09-06,11.684
2011-09-07,11.664
2011-09-08,11.6554
2011-09-09,11.6406
2011-09-12,11.6298
2011-09-13,11.6174
2011-09-14,11.6178
2011-09-15,11.6182
2011-09-16,11.6419
2011-09-19,11.6809
2011-09-20,11.7428
2011-09-21,11.7819
2011-09-22,11.8211
2011-09-23,11.8525
2011-09-26,11.8794
2011-09-27,11.8957
2011-09-28,11.9126
2011-09-29,11.9231
2011-09-30,11.9387
2011-10-03,11.9578
2011-10-04,11.9743
2011-10-05,11.9791
2011-10-06,11.9803
2011-10-07,11.9763
2011-10-10,11.9816
2011-10-11,11.9922
2011-10-12,12.0048
2011-10-13,12.029
2011-10-14,12.0711
2011-10-17,12.1182
2011-10-18,12.1619
2011-10-19,12.177
2011-10-20,12.1884
2011-10-21,12.2042
2011-10-24,12.2308
2011-10-25,12.2443
2011-10-26,12.2559
2011-10-27,12.2679
2011-10-28,12.2725
2011-10-31,12.2654
2011-11-01,12.248
2011-11-02,12.2329
2011-11-03,12.2342
2011-11-04,12.23
2011-11-07,12.2265
2011-11-08,12.2337
2011-11-09,12.2319
2011-11-10,12.2264
2011-11-11,12.2298
2011-11-14,12.2346
2011-11-15,12.2513
2011-11-16,12.258
2011-11-17,12.2581
2011-11-18,12.2633
2011-11-21,12.243
2011-11-22,12.2186
2011-11-23,12.1825
2011-11-25,12.1364
2011-11-28,12.0893
2011-11-29,12.0412
2011-11-30,12.0001
2011-12-01,11.9891
2011-12-02,11.9834
2011-12-05,11.9835
2011-12-06,11.9683
2011-12-07,11.9594
2011-12-08,11.9492
2011-12-09,11.9378
2011-12-12,11.9244
2011-12-13,11.908
2011-12-14,11.8912
2011-12-15,11.8722
2011-12-16,11.8496
2011-12-19,11.8311
2011-12-20,11.8272
2011-12-21,11.8171
2011-12-22,11.8205
2011-12-23,11.8391
2011-12-27,11.8616
2011-12-28,11.8856
2011-12-29,11.9023
2011-12-30,11.9231
2012-01-03,11.9578
2012-01-04,11.9974
2012-01-05,12.0477
2012-01-06,12.0948
2012-01-09,12.151
2012-01-10,12.2123
2012-01-11,12.26
2012-01-12,12.3095
2012-01-13,12.3481
2012-01-17,12.3858
2012-01-18,12.4263
2012-01-19,12.462
2012-01-20,12.4921
2012-01-23,12.5315
2012-01-24,12.562
2012-01-25,12.6165
2012-01-26,12.6707
2012-01-27,12.7307
2012-01-30,12.8055
2012-01-31,12.8851
2012-02-01,12.9623
2012-02-02,13.0372
2012-02-03,13.1026
2012-02-06,13.172
2012-02-07,13.2441
2012-02-08,13.3194
2012-02-09,13.4084
2012-02-10,13.5016
2012-02-13,13.6017
2012-02-14,13.709
2012-02-15,13.7977
2012-02-16,13.8889
2012-02-17,13.9752
2012-02-21,14.0702
2012-02-22,14.1639
2012-02-23,14.2596
2012-02-24,14.3621
2012-02-27,14.4693
2012-02-28,14.588
2012-02-29,14.7089
2012-03-01,14.8273
2012-03-02,14.9479
2012-03-05,15.0638
2012-03-06,15.1694
2012-03-07,15.2827
2012-03-08,15.3806
2012-03-09,15.4838
2012-03-12,15.5913
2012-03-13,15.7095
2012-03-14,15.8462
2012-03-15,15.979
2012-03-16,16.113
2012-03-19,16.2582
2012-03-20,16.404
2012-03-21,16.5412
2012-03-22,16.6672
2012-03-23,16.7728
2012-03-26,16.8894
2012-03-27,17.0043
2012-03-28,17.1154
2012-03-29,17.2306
2012-03-30,17.3305
2012-04-02,17.4502
2012-04-03,17.5677
2012-04-04,17.682
2012-04-05,17.8024
2012-04-09,17.9193
2012-04-10,18.0247
2012-04-11,18.118
2012-04-12,18.2004
2012-04-13,18.2628
2012-04-16,18.2987
2012-04-17,18.3773
2012-04-18,18.4575
2012-04-19,18.5158
2012-04-20,18.5476
2012-04-23,18.5748
2012-04-24,18.5833
2012-04-25,18.6263
2012-04-26,18.645
2012-04-27,18.6629
2012-04-30,18.6612
2012-05-01,18.6418
2012-05-02,18.6212
2012-05-03,18.6
2012-05-04,18.565
2012-05-07,18.5377
2012-05-08,18.4979
2012-05-09,18.4514
2012-05-10,18.403
2012-05-11,18.3587
2012-05-14,18.3162
2012-05-15,18.249
2012-05-16,18.1635
2012-05-17,18.0668
2012-05-18,17.9608
2012-05-21,17.8838
2012-05-22,17.8104
2012-05-23,17.7533
2012-05-24,17.6943
2012-05-25,17.6502
2012-05-29,17.6421
2012-05-30,17.6108
2012-05-31,17.5793
2012-06-01,17.5522
2012-06-04,17.5433
2012-06-05,17.5341
2012-06-06,17.5456
2012-06-07,17.5063
2012-06-08,17.4782
2012-06-11,17.4455
2012-06-12,17.4375
2012-06-13,17.4273
2012-06-14,17.4124
2012-06-15,17.4045
2012-06-18,17.4256
2012-06-19,17.444
2012-06-20,17.462
2012-06-21,17.4708
2012-06-22,17.4827
2012-06-25,17.4868
2012-06-26,17.501
2012-06-27,17.5229
2012-06-28,17.5465
2012-06-29,17.6018
2012-07-02,17.6656
2012-07-03,17.7048
2012-07-05,17.7592
2012-07-06,17.7954
2012-07-09,17.8453
2012-07-10,17.8925
2012-07-11,17.9255
2012-07-12,17.9457
2012-07-13,17.9737
2012-07-16,18.0209
2012-07-17,18.0647
2012-07-18,18.1093
2012-07-19,18.1533
2012-07-20,18.1867
2012-07-23,18.2109
2012-07-24,18.2414
2012-07-25,18.2402
2012-07-26,18.243
2012-07-27,18.257
2012-07-30,18.2784
2012-07-31,18.3041
2012-08-01,18.324
2012-08-02,18.3466
2012-08-03,18.3857
2012-08-06,18.4272
2012-08-07,18.4787
2012-08-08,18.5278
2012-08-09,18.578
2012-08-10,18.6348
2012-08-13,18.6848
2012-08-14,18.7278
2012-08-15,18.7628
2012-08-16,18.7927
2012-08-17,18.8389
2012-08-20,18.8945
2012-08-21,18.9465
2012-08-22,19.0156
2012-08-23,19.084
2012-08-24,19.1467
2012-08-27,19.2203
2012-08-28,19.2929
2012-08-29,19.3649
2012-08-30,19.4186
2012-08-31,19.4841
2012-09-04,19.5601
2012-09-05,19.6343
2012-09-06,19.7412
2012-09-07,19.8526
2012-09-10,19.9352
2012-09-11,20.0054
2012-09-12,20.0689
2012-09-13,20.1502
2012-09-14,20.2389
2012-09-17,20.3283
2012-09-18,20.4129
2012-09-19,20.4993
2012-09-20,20.5834
2012-09-21,20.6652
2012-09-24,20.7364
2012-09-25,20.7813
2012-09-26,20.8159
2012-09-27,20.8679
2012-09-28,20.8997
2012-10-01,20.9113
2012-10-02,20.9073
2012-10-03,20.9232
2012-10-04,20.9211
2012-10-05,20.9107
2012-10-08,20.8849
2012-10-09,20.8438
2012-10-10,20.8089
2012-10-11,20.7621
2012-10-12,20.7269
2012-10-15,20.6954
2012-10-16,20.6695
2012-10-17,20.643
2012-10-18,20.5981
2012-10-19,20.5253
2012-10-22,20.4956
2012-10-23,20.4469
2012-10-24,20.3923
2012-10-25,20.3166
2012-10-26,20.2266
2012-10-31,20.1189
2012-11-01,20.0102
2012-11-02,19.881
2012-11-05,19.7633
2012-11-06,19.6424
2012-11-07,19.5082
2012-11-08,19.3708
2012-11-09,19.2517
2012-11-12,19.1116
2012-11-13,18.9861
2012-11-14,18.8624
2012-11-15,18.7251
2012-11-16,18.5794
2012-11-19,18.4779
2012-11-20,18.3862
2012-11-21,18.31
2012-11-23,18.2465
2012-11-26,18.1964
2012-11-27,18.1546
2012-11-28,18.1092
2012-11-29,18.0653
2012-11-30,18.0016
2012-12-03,17.9442
2012-12-04,17.8885
2012-12-05,17.8179
2012-12-06,17.731
2012-12-07,17.651
2012-12-10,17.5639
2012-12-11,17.4963
2012-12-12,17.4319
2012-12-13,17.3668
2012-12-14,17.2799
2012-12-17,17.2226
2012-12-18,17.1729
2012-12-19,17.1172
2012-12-20,17.0796
2012-12-21,17.0605
2012-12-24,17.0327
2012-12-26,17.0018
2012-12-27,16.9729
2012-12-28,16.9446
2012-12-31,16.9514
2013-01-02,16.9736
2013-01-03,16.9491
2013-01-04,16.9139
2013-01-07,16.8748
2013-01-08,16.8269
2013-01-09,16.7519
2013-01-10,16.6884
2013-01-11,16.6235
2013-01-14,16.5327
2013-01-15,16.4298
2013-01-16,16.3468
2013-01-17,16.271
2013-01-18,16.2308
2013-01-22,16.1868
2013-01-23,16.1668
2013-01-24,16.0846
2013-01-25,15.9795
2013-01-28,15.8871
2013-01-29,15.8131
2013-01-30,15.7582
2013-01-31,15.6926
2013-02-01,15.6094
2013-02-04,15.5223
2013-02-05,15.4562
2013-02-06,15.3919
2013-02-07,15.3409
2013-02-08,15.3043
2013-02-11,15.2707
2013-02-12,15.2302
2013-02-13,15.1654
2013-02-14,15.0828
2013-02-15,15.0006
2013-02-19,14.9338
2013-02-20,14.8587
2013-02-21,14.7792
2013-02-22,14.7132
2013-02-25,14.6321
2013-02-26,14.5609
2013-02-27,14.5042
2013-02-28,14.4607
2013-03-01,14.3849
2013-03-04,14.3017
2013-03-05,14.2329
2013-03-06,14.1534
2013-03-07,14.0695
2013-03-08,14.0526
2013-03-11,14.0531
2013-03-12,14.0334
2013-03-13,14.0049
2013-03-14,13.9822
2013-03-15,13.9726
2013-03-18,13.9774
2013-03-19,13.9927
2013-03-20,13.9894
2013-03-21,13.9873
2013-03-22,13.9807
2013-03-25,13.9688
2013-03-26,13.9492
2013-03-27,13.9327
2013-03-28,13.9074
2013-04-01,13.8681
2013-04-02,13.8365
2013-04-03,13.8073
2013-04-04,13.7853
2013-04-05,13.7615
2013-04-08,13.7358
2013-04-09,13.7193
2013-04-10,13.7055
2013-04-11,13.6948
2013-04-12,13.6827
2013-04-15,13.6717
2013-04-16,13.6781
2013-04-17,13.6486
2013-04-18,13.6136
2013-04-19,13.5718
2013-04-22,13.5374
2013-04-23,13.5043
2013-04-24,13.4804
2013-04-25,13.4596
2013-04-26,13.4436
2013-04-29,13.4295
2013-04-30,13.4161
2013-05-01,13.4002
2013-05-02,13.3934
2013-05-03,13.3905
2013-05-06,13.3893
2013-05-07,13.3841
2013-05-08,13.387
2013-05-09,13.395
2013-05-10,13.4089
2013-05-13,13.439
2013-05-14,13.4567
2013-05-15,13.4565
2013-05-16,13.4666
2013-05-17,13.4801
2013-05-20,13.5006
2013-05-21,13.5169
2013-05-22,13.5259
2013-05-23,13.5371
2013-05-24,13.5562
2013-05-28,13.5817
2013-05-29,13.6043
2013-05-30,13.6583
2013-05-31,13.7215
2013-06-03,13.7874
2013-06-04,13.8433
2013-06-05,13.887
2013-06-06,13.9244
2013-06-07,13.9623
2013-06-10,13.988
2013-06-11,13.9988
2013-06-12,13.9908
2013-06-13,13.9904
2013-06-14,13.9772
2013-06-17,13.9615
2013-06-18,13.9344
2013-06-19,13.9001
2013-06-20,13.8541
2013-06-21,13.8087
2013-06-24,13.7558
2013-06-25,13.7011
2013-06-26,13.6531
2013-06-27,13.6163
2013-06-28,13.5764
2013-07-01,13.5512
2013-07-02,13.5255
2013-07-03,13.5058
2013-07-05,13.4807
2013-07-08,13.4522
2013-07-09,13.4283
2013-07-10,13.4066
2013-07-11,13.3881
2013-07-12,13.3618
2013-07-15,13.3384
2013-07-16,13.3169
2013-07-17,13.2969
2013-07-18,13.2829
2013-07-19,13.2688
2013-07-22,13.2525
2013-07-23,13.2316
2013-07-24,13.2347
2013-07-25,13.2413
2013-07-26,13.2466
2013-07-29,13.2652
2013-07-30,13.2875
2013-07-31,13.3093
2013-08-01,13.3446
2013-08-02,13.3926
2013-08-05,13.4513
2013-08-06,13.517
2013-08-07,13.5824
2013-08-08,13.6517
2013-08-09,13.7185
2013-08-12,13.796
2013-08-13,13.8837
2013-08-14,13.9711
2013-08-15,14.0554
2013-08-16,14.148
2013-08-19,14.2487
2013-08-20,14.3348
2013-08-21,14.4239
2013-08-22,14.5067
2013-08-23,14.5884
2013-08-26,14.6711
2013-08-27,14.7357
2013-08-28,14.8027
2013-08-29,14.869
2013-08-30,14.9377
2013-09-03,15.0064
2013-09-04,15.0934
2013-09-05,15.1543
2013-09-06,15.2204
2013-09-09,15.2923
2013-09-10,15.3449
2013-09-11,15.3632
2013-09-12,15.3876
2013-09-13,15.3995
2013-09-16,15.3896
2013-09-17,15.3779
2013-09-18,15.3805
2013-09-19,15.3915
2013-09-20,15.3983
2013-09-23,15.4365
2013-09-24,15.4594
2013-09-25,15.4509
2013-09-26,15.438
2013-09-27,15.422
2013-09-30,15.395
2013-10-01,15.3741
2013-10-02,15.3619
2013-10-03,15.3419
2013-10-04,15.3209
2013-10-07,15.3069
2013-10-08,15.2836
2013-10-09,15.2815
2013-10-10,15.2802
2013-10-11,15.2813
2013-10-14,15.2906
2013-10-15,15.3013
2013-10-16,15.3039
2013-10-17,15.3136
2013-10-18,15.3249
2013-10-21,15.3409
2013-10-22,15.3676
2013-10-23,15.428
2013-10-24,15.4905
2013-10-25,15.555
2013-10-28,15.6392
2013-10-29,15.704
2013-10-30,15.7676
2013-10-31,15.8208
2013-11-01,15.8764
2013-11-04,15.9145
2013-11-05,15.9529
2013-11-06,15.9977
2013-11-07,16.0286
2013-11-08,16.0717
2013-11-11,16.1196
2013-11-12,16.1567
2013-11-13,16.1927
2013-11-14,16.2432
2013-11-15,16.2908
2013-11-18,16.3266
2013-11-19,16.3705
2013-11-20,16.4037
2013-11-21,16.4402
2013-11-22,16.4719
2013-11-25,16.5044
2013-11-26,16.5444
2013-11-27,16.5951
2013-11-29,16.653
2013-12-02,16.7011
2013-12-03,16.7521
2013-12-04,16.8032
2013-12-05,16.8521
2013-12-06,16.8852
2013-12-09,16.9314
2013-12-10,16.9726
2013-12-11,17.0233
2013-12-12,17.0644
2013-12-13,17.1013
2013-12-16,17.1443
2013-12-17,17.1775
2013-12-18,17.2077
2013-12-19,17.2327
2013-12-20,17.2715
2013-12-23,17.3241
2013-12-24,17.3757
2013-12-26,17.4223
2013-12-27,17.4642
2013-12-30,17.4922
2013-12-31,17.5305
2014-01-02,17.5671
2014-01-03,17.5899
2014-01-06,17.6206
2014-01-07,17.6407
2014-01-08,17.6658
2014-01-09,17.6794
2014-01-10,17.6789
2014-01-13,17.6681
2014-01-14,17.6578
2014-01-15,17.6643
2014-01-16,17.6515
2014-01-17,17.6256
2014-01-21,17.6056
2014-01-22,17.5966
2014-01-23,17.5857
2014-01-24,17.565
2014-01-27,17.5535
2014-01-28,17.4961
2014-01-29,17.4391
2014-01-30,17.3778
2014-01-31,17.32
2014-02-03,17.2677
2014-02-04,17.2298
2014-02-05,17.1911
2014-02-06,17.1332
2014-02-07,17.0855
2014-02-10,17.0518
2014-02-11,17.0296
2014-02-12,17.0132
2014-02-13,16.999
2014-02-14,16.9927
2014-02-18,17.0015
2014-02-19,16.9979
2014-02-20,16.9919
2014-02-21,16.9758
2014-02-24,16.9697
2014-02-25,16.9614
2014-02-26,16.9451
2014-02-27,16.9286
2014-02-28,16.8989
2014-03-03,16.8741
2014-03-04,16.8674
2014-03-05,16.853
2014-03-06,16.8343
2014-03-07,16.8104
2014-03-10,16.7976
2014-03-11,16.7857
2014-03-12,16.8211
2014-03-13,16.8562
2014-03-14,16.886
2014-03-17,16.9171
2014-03-18,16.9521
2014-03-19,16.9794
2014-03-20,16.9998
2014-03-21,17.0216
2014-03-24,17.0424
2014-03-25,17.0595
2014-03-26,17.0636
2014-03-27,17.0652
2014-03-28,17.0571
2014-03-31,17.0494
2014-04-01,17.0448
2014-04-02,17.0503
2014-04-03,17.0585
2014-04-04,17.0655
2014-04-07,17.0611
2014-04-08,17.0626
2014-04-09,17.0764
2014-04-10,17.072
2014-04-11,17.0649
2014-04-14,17.0584
2014-04-15,17.0442
2014-04-16,17.0299
2014-04-17,17.0237
2014-04-21,17.0245
2014-04-22,17.0253
2014-04-23,17.0132
2014-04-24,17.0465
2014-04-25,17.0906
2014-04-28,17.1648
2014-04-29,17.2349
2014-04-30,17.2976
2014-05-01,17.3619
2014-05-02,17.4301
2014-05-05,17.5029
2014-05-06,17.5619
2014-05-07,17.6125
2014-05-08,17.6675
2014-05-09,17.7224
2014-05-12,17.7857
2014-05-13,17.8502
2014-05-14,17.9095
2014-05-15,17.9625
2014-05-16,18.0288
2014-05-19,18.1101
2014-05-20,18.2005
2014-05-21,18.2927
2014-05-22,18.3785
2014-05-23,18.4791
2014-05-27,18.5961
2014-05-28,18.7091
2014-05-29,18.8384
2014-05-30,18.9639
2014-06-02,19.0785
2014-06-03,19.196
2014-06-04,19.3207
2014-06-05,19.4555
2014-06-06,19.5425
2014-06-09,19.6361
2014-06-10,19.7102
2014-06-11,19.7833
2014-06-12,19.8469
2014-06-13,19.9014
2014-06-16,19.9617
2014-06-17,20.0122
2014-06-18,20.0703
2014-06-19,20.1284
2014-06-20,20.1803
2014-06-23,20.2343
2014-06-24,20.2764
2014-06-25,20.318
2014-06-26,20.3636
2014-06-27,20.4227
2014-06-30,20.4797
2014-07-01,20.5335
2014-07-02,20.5868
2014-07-03,20.6426
2014-07-07,20.7119
2014-07-08,20.7691
2014-07-09,20.8144
2014-07-10,20.8587
2014-07-11,20.8922
2014-07-14,20.9374
2014-07-15,20.9789
2014-07-16,21.0067
2014-07-17,21.0141
2014-07-18,21.0287
2014-07-21,21.0416
2014-07-22,21.0493
2014-07-23,21.0714
2014-07-24,21.0953
2014-07-25,21.1357
2014-07-28,21.1939
2014-07-29,21.2404
2014-07-30,21.2861
2014-07-31,21.3118
2014-08-01,21.3439
2014-08-04,21.3791
2014-08-05,21.4114
2014-08-06,21.4465
2014-08-07,21.4811
2014-08-08,21.5135
2014-08-11,21.5472
2014-08-12,21.5737
2014-08-13,21.6053
2014-08-14,21.6392
2014-08-15,21.6726
2014-08-18,21.7003
2014-08-19,21.743
2014-08-20,21.7857
2014-08-21,21.8312
2014-08-22,21.8808
2014-08-25,21.9229
2014-08-26,21.9686
2014-08-27,22.0277
2014-08-28,22.1004
2014-08-29,22.1649
2014-09-02,22.2392
2014-09-03,22.2746
2014-09-04,22.2853
2014-09-05,22.3036
2014-09-08,22.3124
2014-09-09,22.3084
2014-09-10,22.3318
2014-09-11,22.3603
2014-09-12,22.4097
2014-09-15,22.4548
2014-09-16,22.4982
2014-09-17,22.5506
2014-09-18,22.6058
2014-09-19,22.6548
2014-09-22,22.7025
2014-09-23,22.7528
2014-09-24,22.7965
2014-09-25,22.8013
2014-09-26,22.8258
2014-09-29,22.8419
2014-09-30,22.8539
2014-10-01,22.8437
2014-10-02,22.8387
2014-10-03,22.8314
2014-10-06,22.8186
2014-10-07,22.7975
2014-10-08,22.7968
2014-10-09,22.7884
2014-10-10,22.7769
2014-10-13,22.7566
2014-10-14,22.7222
2014-10-15,22.7116
2014-10-16,22.6976
2014-10-17,22.6877
2014-10-20,22.6983
2014-10-21,22.7322
2014-10-22,22.7472
2014-10-23,22.7729
2014-10-24,22.7998
2014-10-27,22.8261
2014-10-28,22.8706
2014-10-29,22.9141
2014-10-30,22.9533
2014-10-31,23.0065
2014-11-03,23.0696
2014-11-04,23.1146
2014-11-05,23.1683
2014-11-06,23.2538
2014-11-07,23.3197
2014-11-10,23.3892
2014-11-11,23.4604
2014-11-12,23.5553
2014-11-13,23.6566
2014-11-14,23.7704
2014-11-17,23.8827
2014-11-18,24.0129
2014-11-19,24.1215
2014-11-20,24.2408
2014-11-21,24.3636
2014-11-24,24.5097
2014-11-25,24.656
2014-11-26,24.8221
2014-11-28,24.9973
2014-12-01,25.1326
2014-12-02,25.2487
2014-12-03,25.3542
2014-12-04,25.4525
2014-12-05,25.5331
2014-12-08,25.591
2014-12-09,25.6628
2014-12-10,25.7059
2014-12-11,25.7419
2014-12-12,25.7662
2014-12-15,25.7715
2014-12-16,25.7549
2014-12-17,25.7646
2014-12-18,25.7969
2014-12-19,25.8203
2014-12-22,25.8501
2014-12-23,25.8783
2014-12-24,25.8958
2014-12-26,25.9166
2014-12-29,25.9249
2014-12-30,25.9123
2014-12-31,25.8849
2015-01-02,25.8383
2015-01-05,25.7744
2015-01-06,25.6981
2015-01-07,25.6319
2015-01-08,25.5808
2015-01-09,25.5383
2015-01-12,25.4643
2015-01-13,25.3982
2015-01-14,25.3582
2015-01-15,25.2989
2015-01-16,25.2235
2015-01-20,25.1721
2015-01-21,25.1307
2015-01-22,25.1307
2015-01-23,25.1221
2015-01-26,25.1308
2015-01-27,25.112
2015-01-28,25.1543
2015-01-29,25.2354
2015-01-30,25.3144
2015-02-02,25.3844
2015-02-03,25.43
2015-02-04,25.489
2015-02-05,25.5457
2015-02-06,25.5978
2015-02-09,25.6598
2015-02-10,25.7244
2015-02-11,25.8114
2015-02-12,25.921
2015-02-13,26.0515
2015-02-17,26.1958
2015-02-18,26.3701
2015-02-19,26.5424
2015-02-20,26.7113
2015-02-23,26.8755
2015-02-24,27.0324
2015-02-25,27.1846
2015-02-26,27.3417
2015-02-27,27.4872
2015-03-02,27.6601
2015-03-03,27.8413
2015-03-04,27.9956
2015-03-05,28.1273
2015-03-06,28.2389
2015-03-09,28.3502
2015-03-10,28.4405
2015-03-11,28.5435
2015-03-12,28.6166
2015-03-13,28.6559
2015-03-16,28.7187
2015-03-17,28.7864
2015-03-18,28.8647
2015-03-19,28.9287
2015-03-20,28.9742
2015-03-23,29.0373
2015-03-24,29.0904
2015-03-25,29.1007
2015-03-26,29.0959
2015-03-27,29.0714
2015-03-30,29.066
2015-03-31,29.0401
2015-04-01,29.0061
2015-04-02,28.9822
2015-04-06,28.9659
2015-04-07,28.9126
2015-04-08,28.8625
2015-04-09,28.8455
2015-04-10,28.8203
2015-04-13,28.808
2015-04-14,28.7867
2015-04-15,28.7671
2015-04-16,28.749
2015-04-17,28.7364
2015-04-20,28.744
2015-04-21,28.7422
2015-04-22,28.7736
2015-04-23,28.8302
2015-04-24,28.8746
2015-04-27,28.9436
2015-04-28,28.9864
2015-04-29,28.9986
2015-04-30,28.9733
2015-05-01,28.9844
2015-05-04,29.0057
2015-05-05,28.995
2015-05-06,28.9822
2015-05-07,29.0005
2015-05-08,29.0302
2015-05-11,29.0576
2015-05-12,29.0578
2015-05-13,29.0738
2015-05-14,29.1137
2015-05-15,29.1441
2015-05-18,29.1698
2015-05-19,29.2049
2015-05-20,29.243
2015-05-21,29.2839
2015-05-22,29.3296
2015-05-26,29.3548
2015-05-27,29.4027
2015-05-28,29.445
2015-05-29,29.4805
2015-06-01,29.5287
2015-06-02,29.5508
2015-06-03,29.5793
2015-06-04,29.5891
2015-06-05,29.5854
2015-06-08,29.5705
2015-06-09,29.5347
2015-06-10,29.526
2015-06-11,29.5297
2015-06-12,29.5491
2015-06-15,29.5376
2015-06-16,29.5333
2015-06-17,29.5487
2015-06-18,29.5746
2015-06-19,29.5849
2015-06-22,29.5848
2015-06-23,29.5903
2015-06-24,29.6074
2015-06-25,29.6188
2015-06-26,29.602
2015-06-29,29.5696
2015-06-30,29.5331
2015-07-01,29.5065
2015-07-02,29.4788
2015-07-06,29.4376
2015-07-07,29.3852
2015-07-08,29.3312
2015-07-09,29.2396
2015-07-10,29.1746
2015-07-13,29.1392
2015-07-14,29.1015
2015-07-15,29.0775
2015-07-16,29.0652
2015-07-17,29.0672
2015-07-20,29.0933
2015-07-21,29.1159
2015-07-22,29.0991
2015-07-23,29.0706
2015-07-24,29.0393
2015-07-27,29.0056
2015-07-28,28.9786
2015-07-29,28.9433
2015-07-30,28.9056
2015-07-31,28.8552
2015-08-03,28.7928
2015-08-04,28.6935
2015-08-05,28.6045
2015-08-06,28.5092
2015-08-07,28.4215
2015-08-10,28.3718
2015-08-11,28.2913
2015-08-12,28.2173
2015-08-13,28.1337
2015-08-14,28.0575
2015-08-17,27.9939
2015-08-18,27.9276
2015-08-19,27.8738
2015-08-20,27.8209
2015-08-21,27.6905
2015-08-24,27.5215
2015-08-25,27.3578
2015-08-26,27.2305
2015-08-27,27.1151
2015-08-28,26.9941
2015-08-31,26.8502
2015-09-01,26.6777
2015-09-02,26.583
2015-09-03,26.4737
2015-09-04,26.3609
2015-09-08,26.2847
2015-09-09,26.1873
2015-09-10,26.1115
2015-09-11,26.053
2015-09-14,26.0111
2015-09-15,25.9986
2015-09-16,26.0162
2015-09-17,26.0088
2015-09-18,25.9959
2015-09-21,25.9935
2015-09-22,25.9449
2015-09-23,25.9513
2015-09-24,25.9495
2015-09-25,25.9461
2015-09-28,25.919
2015-09-29,25.8568
2015-09-30,25.8064
2015-10-01,25.7647
2015-10-02,25.7472
2015-10-05,25.7858
2015-10-06,25.8488
2015-10-07,25.9029
2015-10-08,25.9014
2015-10-09,25.8953
2015-10-12,25.8823
2015-10-13,25.8748
2015-10-14,25.894
2015-10-15,25.8903
2015-10-16,25.8954
2015-10-19,25.9143
2015-10-20,25.9256
2015-10-21,25.9533
2015-10-22,25.9758
2015-10-23,26.0133
2015-10-26,26.013
2015-10-27,25.9997
2015-10-28,26.0217
2015-10-29,26.0725
2015-10-30,26.119
2015-11-02,26.1649
2015-11-03,26.2354
2015-11-04,26.2944
2015-11-05,26.3439
2015-11-06,26.3967
2015-11-09,26.4632
2015-11-10,26.5263
2015-11-11,26.5775
2015-11-12,26.6286
2015-11-13,26.6473
2015-11-16,26.6772
2015-11-17,26.6993
2015-11-18,26.7532
2015-11-19,26.8284
2015-11-20,26.8876
2015-11-23,26.9387
2015-11-24,26.9972
2015-11-25,27.0612
2015-11-27,27.1108
2015-11-30,27.1705
2015-12-01,27.2175
2015-12-02,27.2406
2015-12-03,27.2555
2015-12-04,27.2866
2015-12-07,27.2843
2015-12-08,27.3109
2015-12-09,27.323
2015-12-10,27.303
2015-12-11,27.2502
2015-12-14,27.2
2015-12-15,27.1215
2015-12-16,27.0388
2015-12-17,26.9424
2015-12-18,26.8274
2015-12-21,26.7214
2015-12-22,26.6184
2015-12-23,26.5555
2015-12-24,26.4931
2015-12-28,26.4244
2015-12-29,26.3966
2015-12-30,26.3437
2015-12-31,26.2786
2016-01-04,26.1864
2016-01-05,26.0624
2016-01-06,25.9188
2016-01-07,25.7543
2016-01-08,25.5851
2016-01-11,25.4346
2016-01-12,25.2968
2016-01-13,25.1354
2016-01-14,24.9978
2016-01-15,24.85
2016-01-19,24.7069
2016-01-20,24.5352
2016-01-21,24.3655
2016-01-22,24.2357
2016-01-25,24.1108
2016-01-26,23.9859
2016-01-27,23.8334
2016-01-28,23.6914
2016-01-29,23.5899
2016-02-01,23.4748
2016-02-02,23.3629
2016-02-03,23.2882
2016-02-04,23.2093
2016-02-05,23.1113
2016-02-08,23.0102
2016-02-09,22.9135
2016-02-10,22.8206
2016-02-11,22.7083
2016-02-12,22.6094
2016-02-16,22.5468
2016-02-17,22.4951
2016-02-18,22.4493
2016-02-19,22.4173
2016-02-22,22.4247
2016-02-23,22.4111
2016-02-24,22.3963
2016-02-25,22.3756
2016-02-26,22.3759
2016-02-29,22.3581
2016-03-01,22.3885
2016-03-02,22.4243
2016-03-03,22.4649
2016-03-04,22.521
2016-03-07,22.5287
2016-03-08,22.5451
2016-03-09,22.5581
2016-03-10,22.6221
2016-03-11,22.6894
2016-03-14,22.7337
2016-03-15,22.8009
2016-03-16,22.894
2016-03-17,22.9714
2016-03-18,23.0437
2016-03-21,23.136
2016-03-22,23.2269
2016-03-23,23.3133
2016-03-24,23.4018
2016-03-28,23.491
2016-03-29,23.5972
2016-03-30,23.6975
2016-03-31,23.7819
2016-04-01,23.8884
2016-04-04,24.0055
2016-04-05,24.1058
2016-04-06,24.2321
2016-04-07,24.3286
2016-04-08,24.421
2016-04-11,24.515
2016-04-12,24.6217
2016-04-13,24.711
2016-04-14,24.7991
2016-04-15,24.8639
2016-04-18,24.8986
2016-04-19,24.9377
2016-04-20,24.9851
2016-04-21,25.0227
2016-04-22,25.0577
2016-04-25,25.0796
2016-04-26,25.0938
2016-04-27,25.0414
2016-04-28,24.9549
2016-04-29,24.8613
2016-05-02,24.766
2016-05-03,24.6827
2016-05-04,24.5855
2016-05-05,24.4898
2016-05-06,24.3937
2016-05-09,24.3019
2016-05-10,24.1957
2016-05-11,24.0677
2016-05-12,23.9273
2016-05-13,23.7804
2016-05-16,23.6511
2016-05-17,23.5289
2016-05-18,23.4061
2016-05-19,23.2992
2016-05-20,23.1995
2016-05-23,23.1063
2016-05-24,23.0136
2016-05-25,22.922
2016-05-26,22.836
2016-05-27,22.767
2016-05-31,22.7126
2016-06-01,22.6517
2016-06-02,22.5833
2016-06-03,22.5255
2016-06-06,22.4755
2016-06-07,22.4332
2016-06-08,22.3959
2016-06-09,22.4148
2016-06-10,22.4506
2016-06-13,22.4831
2016-06-14,22.5174
2016-06-15,22.5372
2016-06-16,22.5679
2016-06-17,22.5842
2016-06-20,22.6028
2016-06-21,22.6272
2016-06-22,22.6438
2016-06-23,22.6719
2016-06-24,22.6958
2016-06-27,22.7076
2016-06-28,22.7054
2016-06-29,22.7125
2016-06-30,22.7206
2016-07-01,22.7338
2016-07-05,22.732
2016-07-06,22.725
2016-07-07,22.7097
2016-07-08,22.6867
2016-07-11,22.6599
2016-07-12,22.637
2016-07-13,22.6137
2016-07-14,22.6163
2016-07-15,22.6245
2016-07-18,22.6395
2016-07-19,22.6491
2016-07-20,22.6564
2016-07-21,22.6602
2016-07-22,22.6525
2016-07-25,22.6409
2016-07-26,22.6356
2016-07-27,22.6785
2016-07-28,22.7347
2016-07-29,22.7867
2016-08-01,22.8704
2016-08-02,22.9437
2016-08-03,23.0208
2016-08-04,23.1059
2016-08-05,23.1992
2016-08-08,23.3207
2016-08-09,23.4562
2016-08-10,23.5733
2016-08-11,23.6835
2016-08-12,23.7863
2016-08-15,23.897
2016-08-16,24.0139
2016-08-17,24.1254
2016-08-18,24.2326
2016-08-19,24.3362
2016-08-22,24.4308
2016-08-23,24.5247
2016-08-24,24.6163
2016-08-25,24.6894
2016-08-26,24.7576
2016-08-29,24.8167
2016-08-30,24.869
2016-08-31,24.9214
2016-09-01,24.9829
2016-09-02,25.0583
2016-09-06,25.1437
2016-09-07,25.2395
2016-09-08,25.2641
2016-09-09,25.2589
2016-09-12,25.273
2016-09-13,25.2924
2016-09-14,25.354
2016-09-15,25.4352
2016-09-16,25.5063
2016-09-19,25.5541
2016-09-20,25.595
2016-09-21,25.6322
2016-09-22,25.6841
2016-09-23,25.7217
2016-09-26,25.7586
2016-09-27,25.7869
2016-09-28,25.8228
2016-09-29,25.846
2016-09-30,25.8772
2016-10-03,25.902
2016-10-04,25.9373
2016-10-05,25.9702
2016-10-06,26.0162
2016-10-07,26.0672
2016-10-10,26.1387
2016-10-11,26.2131
2016-10-12,26.3022
2016-10-13,26.3876
2016-10-14,26.4731
2016-10-17,26.5502
2016-10-18,26.6269
2016-10-19,26.6957
2016-10-20,26.7863
2016-10-21,26.892
2016-10-24,26.9879
2016-10-25,27.0688
2016-10-26,27.0988
2016-10-27,27.0902
2016-10-28,27.0808
2016-10-31,27.0805
2016-11-01,27.0641
2016-11-02,27.0487
2016-11-03,27.0156
2016-11-04,26.9897
2016-11-07,26.9748
2016-11-08,26.9634
2016-11-09,26.9438
2016-11-10,26.9137
2016-11-11,26.8819
2016-11-14,26.8327
2016-11-15,26.7908
2016-11-16,26.7713
2016-11-17,26.7448
2016-11-18,26.7179
2016-11-21,26.6886
2016-11-22,26.6578
2016-11-23,26.6143
2016-11-25,26.5782
2016-11-28,26.5351
2016-11-29,26.4919
2016-11-30,26.4418
2016-12-01,26.3864
2016-12-02,26.3346
2016-12-05,26.2803
2016-12-06,26.2243
2016-12-07,26.1721
2016-12-08,26.1495
2016-12-09,26.1499
2016-12-12,26.1513
2016-12-13,26.1689
2016-12-14,26.2027
2016-12-15,26.2406
2016-12-16,26.289
2016-12-19,26.3506
2016-12-20,26.4022
2016-12-21,26.4495
2016-12-22,26.4922
2016-12-23,26.5611
2016-12-27,26.6308
2016-12-28,26.718
2016-12-29,26.7939
2016-12-30,26.8399
2017-01-03,26.8889
2017-01-04,26.9359
2017-01-05,26.9744
2017-01-06,27.0226
2017-01-09,27.0839
2017-01-10,27.1416
2017-01-11,27.2062
2017-01-12,27.2676
2017-01-13,27.3349
2017-01-17,27.4178
2017-01-18,27.4974
2017-01-19,27.5816
2017-01-20,27.661
2017-01-23,27.7324
2017-01-24,27.7943
2017-01-25,27.8569
2017-01-26,27.9251
2017-01-27,27.9784
2017-01-30,28.0292
2017-01-31,28.0729
2017-02-01,28.1737
2017-02-02,28.2676
2017-02-03,28.3633
2017-02-06,28.4677
2017-02-07,28.588
2017-02-08,28.7104
2017-02-09,28.8346
2017-02-10,28.9603
2017-02-13,29.0955
2017-02-14,29.2516
2017-02-15,29.409
2017-02-16,29.5661
2017-02-17,29.7215
2017-02-21,29.8744
2017-02-22,30.022
2017-02-23,30.1641
2017-02-24,30.3022
2017-02-27,30.4464
2017-02-28,30.5927
2017-03-01,30.7536
2017-03-02,30.908
2017-03-03,31.0706
2017-03-06,31.228
2017-03-07,31.3861
2017-03-08,31.541
2017-03-09,31.6783
2017-03-10,31.8188
2017-03-13,31.9596
2017-03-14,32.1013
2017-03-15,32.2569
2017-03-16,32.3559
2017-03-17,32.4511
2017-03-20,32.5536
2017-03-21,32.6337
2017-03-22,32.7166
2017-03-23,32.7914
2017-03-24,32.8566
2017-03-27,32.926
2017-03-28,33.0093
2017-03-29,33.0814
2017-03-30,33.1482
2017-03-31,33.2141
2017-04-03,33.2773
2017-04-04,33.3413
2017-04-05,33.396
2017-04-06,33.4525
2017-04-07,33.5055
2017-04-10,33.5549
2017-04-11,33.5917
2017-04-12,33.6076
2017-04-13,33.6242
2017-04-17,33.6404
2017-04-18,33.6552
2017-04-19,33.6644
2017-04-20,33.6916
2017-04-21,33.7201
2017-04-24,33.7558
2017-04-25,33.798
2017-04-26,33.8352
2017-04-27,33.8616
2017-04-28,33.885
2017-05-01,33.9372
2017-05-02,33.9852
2017-05-03,34.0424
2017-05-04,34.0829
2017-05-05,34.1466
2017-05-08,34.2447
2017-05-09,34.3486
2017-05-10,34.4235
2017-05-11,34.5064
2017-05-12,34.608
2017-05-15,34.7084
2017-05-16,34.8068
2017-05-17,34.8551
2017-05-18,34.9275
2017-05-19,35.007
2017-05-22,35.0964
2017-05-23,35.1856
2017-05-24,35.2834
2017-05-25,35.3841
2017-05-26,35.4886
2017-05-30,35.5874
2017-05-31,35.684
2017-06-01,35.788
2017-06-02,35.8962
2017-06-05,35.9936
2017-06-06,36.0842
2017-06-07,36.1752
2017-06-08,36.2699
2017-06-09,36.3158
2017-06-12,36.3346
2017-06-13,36.3394
2017-06-14,36.3255
2017-06-15,36.3082
2017-06-16,36.2791
2017-06-19,36.263
2017-06-20,36.2043
2017-06-21,36.1447
2017-06-22,36.089
2017-06-23,36.0279
2017-06-26,35.9461
2017-06-27,35.8509
2017-06-28,35.7742
2017-06-29,35.7219
2017-06-30,35.6541
2017-07-03,35.578
2017-07-05,35.4992
2017-07-06,35.4111
2017-07-07,35.3382
2017-07-10,35.2681
2017-07-11,35.2038
2017-07-12,35.1407
2017-07-13,35.101
2017-07-14,35.0681
2017-07-17,35.0212
2017-07-18,34.9906
2017-07-19,34.9633
2017-07-20,34.9232
2017-07-21,34.8857
2017-07-24,34.9104
2017-07-25,34.9687
2017-07-26,35.0233
2017-07-27,35.0663
2017-07-28,35.1078
2017-07-31,35.1592
2017-08-01,35.1887
2017-08-02,35.2852
2017-08-03,35.3624
2017-08-04,35.448
2017-08-07,35.5478
2017-08-08,35.6612
2017-08-09,35.7991
2017-08-10,35.8797
2017-08-11,35.9946
2017-08-14,36.1257
2017-08-15,36.275
2017-08-16,36.4143
2017-08-17,36.5398
2017-08-18,36.6509
2017-08-21,36.7527
2017-08-22,36.8712
2017-08-23,36.9897
2017-08-24,37.0864
2017-08-25,37.1776
2017-08-28,37.2776
2017-08-29,37.385
2017-08-30,37.4884
2017-08-31,37.6024
2017-09-01,37.7173
2017-09-05,37.802
2017-09-06,37.8802
2017-09-07,37.9475
2017-09-08,38.0169
2017-09-11,38.1176
2017-09-12,38.2193
2017-09-13,38.3008
2017-09-14,38.315
2017-09-15,38.3545
2017-09-18,38.3777
2017-09-19,38.3822
2017-09-20,38.3554
2017-09-21,38.2993
2017-09-22,38.2719
2017-09-25,38.2165
2017-09-26,38.1629
2017-09-27,38.104
2017-09-28,38.0427
2017-09-29,38.0128
2017-10-02,37.9833
2017-10-03,37.9615
2017-10-04,37.9112
2017-10-05,37.8745
2017-10-06,37.8428
2017-10-09,37.8107
2017-10-10,37.7662
2017-10-11,37.7154
2017-10-12,37.6566
2017-10-13,37.6006
2017-10-16,37.5673
2017-10-17,37.5544
2017-10-18,37.5373
2017-10-19,37.4951
2017-10-20,37.4761
2017-10-23,37.4335
2017-10-24,37.4034
2017-10-25,37.3775
2017-10-26,37.3706
2017-10-27,37.3959
2017-10-30,37.4602
2017-10-31,37.5426
2017-11-01,37.6291
2017-11-02,37.7467
2017-11-03,37.9114
2017-11-06,38.1007
2017-11-07,38.2739
2017-11-08,38.4497
2017-11-09,38.6303
2017-11-10,38.7995
2017-11-13,38.9656
2017-11-14,39.1053
2017-11-15,39.2348
2017-11-16,39.3652
2017-11-17,39.4888
2017-11-20,39.6067
2017-11-21,39.7494
2017-11-22,39.9016
2017-11-24,40.0582
2017-11-27,40.1998
2017-11-28,40.3102
2017-11-29,40.3871
2017-11-30,40.4886
2017-12-01,40.614
2017-12-04,40.7271
2017-12-05,40.8396
2017-12-06,40.9397
2017-12-07,41.0477
2017-12-08,41.1481
2017-12-11,41.23
2017-12-12,41.2747
2017-12-13,41.3055
2017-12-14,41.353
2017-12-15,41.4049
2017-12-18,41.4413
2017-12-19,41.4486
2017-12-20,41.45
2017-12-21,41.4452
2017-12-22,41.4433
2017-12-26,41.4104
2017-12-27,41.3834
2017-12-28,41.3813
2017-12-29,41.3825
2018-01-02,41.3918
2018-01-03,41.4085
2018-01-04,41.4329
2018-01-05,41.4479
2018-01-08,41.443
2018-01-09,41.4378
2018-01-10,41.4394
2018-01-11,41.4572
2018-01-12,41.5182
2018-01-16,41.553
2018-01-17,41.6175
2018-01-18,41.6934
2018-01-19,41.7641
2018-01-22,41.8282
2018-01-23,41.8901
2018-01-24,41.929
2018-01-25,41.9165
2018-01-26,41.915
2018-01-29,41.8804
2018-01-30,41.8383
2018-01-31,41.7859
2018-02-01,41.7166
2018-02-02,41.604
2018-02-05,41.4608
2018-02-06,41.3647
2018-02-07,41.2407
2018-02-08,41.117
2018-02-09,41.0083
2018-02-12,40.9464
2018-02-13,40.9125
2018-02-14,40.8787
2018-02-15,40.8904
2018-02-16,40.8911
2018-02-20,40.8714
2018-02-21,40.8506
2018-02-22,40.8415
2018-02-23,40.8569
2018-02-26,40.8923
2018-02-27,40.9085
2018-02-28,40.9297
2018-03-01,40.9025
2018-03-02,40.8837
2018-03-05,40.8763
2018-03-06,40.8793
2018-03-07,40.8689
2018-03-08,40.8964
2018-03-09,40.9733
2018-03-12,41.0611
2018-03-13,41.1632
2018-03-14,41.2609
2018-03-15,41.3567
2018-03-16,41.4445
2018-03-19,41.5689
2018-03-20,41.7249
2018-03-21,41.7965
2018-03-22,41.8766
2018-03-23,41.9604
2018-03-26,42.0922
2018-03-27,42.1375
2018-03-28,42.1547
2018-03-29,42.158
2018-04-02,42.1072
2018-04-03,42.0747
2018-04-04,42.0728
2018-04-05,42.0867
2018-04-06,42.0535
2018-04-09,42.0096
2018-04-10,41.9636
2018-04-11,41.9157
2018-04-12,41.8836
2018-04-13,41.8815
2018-04-16,41.8783
2018-04-17,41.8898
2018-04-18,41.8992
2018-04-19,41.8812
2018-04-20,41.7909
2018-04-23,41.6722
2018-04-24,41.521
2018-04-25,41.3896
2018-04-26,41.2751
2018-04-27,41.1437
2018-04-30,41.0409
2018-05-01,40.991
2018-05-02,41.0017
2018-05-03,41.047
2018-05-04,41.1676
2018-05-07,41.3304
2018-05-08,41.4373
2018-05-09,41.5904
2018-05-10,41.7801
2018-05-11,41.9535
2018-05-14,42.1322
2018-05-15,42.2834
2018-05-16,42.4227
2018-05-17,42.5427
2018-05-18,42.6929
2018-05-21,42.8403
2018-05-22,42.9581
2018-05-23,43.0922
2018-05-24,43.2108
2018-05-25,43.3282
2018-05-29,43.4313
2018-05-30,43.5117
2018-05-31,43.5902
2018-06-01,43.7366
2018-06-04,43.9528
2018-06-05,44.1848
2018-06-06,44.4408
2018-06-07,44.6868
2018-06-08,44.914
2018-06-11,45.1527
2018-06-12,45.3763
2018-06-13,45.5561
2018-06-14,45.6766
2018-06-15,45.7787
2018-06-18,45.8241
2018-06-19,45.8342
2018-06-20,45.8436
2018-06-21,45.8341
2018-06-22,45.7987
2018-06-25,45.7468
2018-06-26,45.7167
2018-06-27,45.6983
2018-06-28,45.6766
2018-06-29,45.6614
2018-07-02,45.6684
2018-07-03,45.6385
2018-07-05,45.6242
2018-07-06,45.6211
2018-07-09,45.6407
2018-07-10,45.655
2018-07-11,45.6549
2018-07-12,45.6834
2018-07-13,45.7194
2018-07-16,45.7249
2018-07-17,45.7218
2018-07-18,45.6983
2018-07-19,45.6813
2018-07-20,45.665
2018-07-23,45.6642
2018-07-24,45.6785
2018-07-25,45.6991
2018-07-26,45.7274
2018-07-27,45.7289
2018-07-30,45.7375
2018-07-31,45.7501
2018-08-01,45.8779
2018-08-02,46.0467
2018-08-03,46.2288
2018-08-06,46.424
2018-08-07,46.6256
2018-08-08,46.81
2018-08-09,47.0098
2018-08-10,47.1937
2018-08-13,47.3917
2018-08-14,47.5801
2018-08-15,47.7988
2018-08-16,48.0305
2018-08-17,48.276
2018-08-20,48.4833
2018-08-21,48.6889
2018-08-22,48.9146
2018-08-23,49.1185
2018-08-24,49.3253
2018-08-27,49.5499
2018-08-28,49.7845
2018-08-29,50.0542
2018-08-30,50.3285
2018-08-31,50.6275
2018-09-04,50.931
2018-09-05,51.2112
2018-09-06,51.4461
2018-09-07,51.6714
2018-09-10,51.8986
2018-09-11,52.1793
2018-09-12,52.4344
2018-09-13,52.6421
2018-09-14,52.7814
2018-09-17,52.8676
2018-09-18,52.9479
2018-09-19,53.0451
2018-09-20,53.1547
2018-09-21,53.2318
2018-09-24,53.3394
2018-09-25,53.4474
2018-09-26,53.5339
2018-09-27,53.6532
2018-09-28,53.754
2018-10-01,53.8325
2018-10-02,53.9446
2018-10-03,54.0827
2018-10-04,54.1877
2018-10-05,54.259
2018-10-08,54.3208
2018-10-09,54.3932
2018-10-10,54.3661
2018-10-11,54.2969
2018-10-12,54.2732
2018-10-15,54.1899
2018-10-16,54.1396
2018-10-17,54.0935
2018-10-18,54.0361
2018-10-19,54.0199
2018-10-22,54.0388
2018-10-23,54.0297
2018-10-24,53.9812
2018-10-25,53.9276
2018-10-26,53.8664
2018-10-29,53.8207
2018-10-30,53.7806
2018-10-31,53.7846
2018-11-01,53.8023
2018-11-02,53.7198
2018-11-05,53.564
2018-11-06,53.4146
2018-11-07,53.3297
2018-11-08,53.2021
2018-11-09,53.0354
2018-11-12,52.7725
2018-11-13,52.4775
2018-11-14,52.1156
2018-11-15,51.8244
2018-11-16,51.5804
2018-11-19,51.2782
2018-11-20,50.8786
2018-11-21,50.5625
2018-11-23,50.2255
2018-11-26,49.8453
2018-11-27,49.5005
2018-11-28,49.1714
2018-11-29,48.8387
2018-11-30,48.5401
2018-12-03,48.2656
2018-12-04,47.9141
2018-12-06,47.5297
2018-12-07,47.1565
2018-12-10,46.7542
2018-12-11,46.3723
2018-12-12,46.0272
2018-12-13,45.6886
2018-12-14,45.2603
2018-12-17,44.7923
2018-12-18,44.4611
2018-12-19,44.1356
2018-12-20,43.7593
2018-12-21,43.2833
2018-12-24,42.7814
2018-12-26,42.3964
2018-12-27,42.087
2018-12-28,41.794
2018-12-31,41.5574
2019-01-02,41.2849
2019-01-03,40.867
2019-01-04,40.561
2019-01-07,40.3245
2019-01-08,40.1126
2019-01-09,39.9582
2019-01-10,39.7887
2019-01-11,39.61
2019-01-14,39.3582
2019-01-15,39.1427
2019-01-16,38.9503
2019-01-17,38.7146
2019-01-18,38.5528
2019-01-22,38.3785
2019-01-23,38.2599
2019-01-24,38.1224
2019-01-25,38.0339
2019-01-28,37.9297
2019-01-29,37.7973
2019-01-30,37.7954
2019-01-31,37.8158
2019-02-01,37.8194
2019-02-04,37.9037
2019-02-05,38.045
2019-02-06,38.2363
2019-02-07,38.4326
2019-02-08,38.5463
2019-02-11,38.6603
2019-02-12,38.7855
2019-02-13,38.8927
2019-02-14,39.0035
2019-02-15,39.2392
2019-02-19,39.4297
2019-02-20,39.6318
2019-02-21,39.8031
2019-02-22,39.9692
2019-02-25,40.1415
2019-02-26,40.327
2019-02-27,40.5355
2019-02-28,40.705
2019-03-01,40.8741
2019-03-04,41.0429
2019-03-05,41.2013
2019-03-06,41.3801
2019-03-07,41.5374
2019-03-08,41.7079
2019-03-11,41.8862
2019-03-12,42.0928
2019-03-13,42.3192
2019-03-14,42.476
2019-03-15,42.6426
2019-03-18,42.8242
2019-03-19,42.9551
2019-03-20,43.0754
2019-03-21,43.2519
2019-03-22,43.4223
2019-03-25,43.5721
2019-03-26,43.714
2019-03-27,43.8577
2019-03-28,44.0092
2019-03-29,44.1658
2019-04-01,44.336
2019-04-02,44.5247
2019-04-03,44.7153
2019-04-04,44.9166
2019-04-05,45.1131
2019-04-08,45.3245
2019-04-09,45.5303
2019-04-10,45.7407
2019-04-11,45.9516
2019-04-12,46.147
2019-04-15,46.3381
2019-04-16,46.532
2019-04-17,46.7659
2019-04-18,47.0222
2019-04-22,47.2807
2019-04-23,47.5143
2019-04-24,47.7288
2019-04-25,47.9215
2019-04-26,48.0896
2019-04-29,48.2408
2019-04-30,48.3442
2019-05-01,48.5403
2019-05-02,48.7119
2019-05-03,48.848
2019-05-06,48.9905
2019-05-07,49.1059
2019-05-08,49.2376
2019-05-09,49.3377
2019-05-10,49.4132
2019-05-13,49.3845
2019-05-14,49.3695
2019-05-15,49.3502
2019-05-16,49.3132
2019-05-17,49.2646
2019-05-20,49.1567
2019-05-21,49.0523
2019-05-22,48.9215
2019-05-23,48.7559
2019-05-24,48.5983
2019-05-28,48.4353
2019-05-29,48.2623
2019-05-30,48.0968
2019-05-31,47.873
2019-06-03,47.6287
2019-06-04,47.431
2019-06-05,47.233
2019-06-06,47.0595
2019-06-07,46.9419
2019-06-10,46.8523
2019-06-11,46.7784
2019-06-12,46.7316
2019-06-13,46.604
2019-06-14,46.476
2019-06-17,46.3362
2019-06-18,46.2606
2019-06-19,46.2261
2019-06-20,46.2044
2019-06-21,46.1948
2019-06-24,46.2063
2019-06-25,46.2872
2019-06-26,46.3786
2019-06-27,46.451
2019-06-28,46.5153
2019-07-01,46.6183
2019-07-02,46.7794
2019-07-03,46.9256
2019-07-05,47.1016
2019-07-08,47.2687
2019-07-09,47.4514
2019-07-10,47.6566
2019-07-11,47.8566
2019-07-12,48.0617
2019-07-15,48.309
2019-07-16,48.5651
2019-07-17,48.7596
2019-07-18,48.9493
2019-07-19,49.0919
2019-07-22,49.232
2019-07-23,49.3654
2019-07-24,49.4791
2019-07-25,49.5844
2019-07-26,49.6959
2019-07-29,49.8349
2019-07-30,49.9571
2019-07-31,50.0768
2019-08-01,50.1635
2019-08-02,50.2009
2019-08-05,50.1563
2019-08-06,50.1433
2019-08-07,50.1718
2019-08-08,50.2016
2019-08-09,50.2182
2019-08-12,50.2455
2019-08-13,50.3129
2019-08-14,50.3195
2019-08-15,50.3039
2019-08-16,50.329
2019-08-19,50.4204
2019-08-20,50.5018
2019-08-21,50.5857
2019-08-22,50.6803
2019-08-23,50.6813
2019-08-26,50.6983
2019-08-27,50.7019
2019-08-28,50.7262
2019-08-29,50.7603
2019-08-30,50.8173
2019-09-03,50.8113
2019-09-04,50.8208
2019-09-05,50.8653
2019-09-06,50.9232
2019-09-09,50.9827
2019-09-10,51.0471
2019-09-11,51.1757
2019-09-12,51.2652
2019-09-13,51.3567
2019-09-16,51.494
2019-09-17,51.7254
2019-09-18,51.9439
2019-09-19,52.1307
2019-09-20,52.2549
2019-09-23,52.4009
2019-09-24,52.5426
2019-09-25,52.642
2019-09-26,52.7832
2019-09-27,52.9239
2019-09-30,53.0678
2019-10-01,53.1851
2019-10-02,53.2559
2019-10-03,53.3233
2019-10-04,53.4431
2019-10-07,53.6443
2019-10-08,53.7918
2019-10-09,53.9802
2019-10-10,54.1825
2019-10-11,54.4066
2019-10-14,54.6301
2019-10-15,54.8741
2019-10-16,55.0815
2019-10-17,55.2627
2019-10-18,55.4534
2019-10-21,55.6704
2019-10-22,55.862
2019-10-23,56.0234
2019-10-24,56.1921
2019-10-25,56.4214
2019-10-28,56.6615
2019-10-29,56.8476
2019-10-30,57.0164
2019-10-31,57.2454
2019-11-01,57.5591
2019-11-04,57.8786
2019-11-05,58.2036
2019-11-06,58.5018
2019-11-07,58.8339
2019-11-08,59.1806
2019-11-11,59.5019
2019-11-12,59.8162
2019-11-13,60.1975
2019-11-14,60.5484
2019-11-15,60.8741
2019-11-18,61.2105
2019-11-19,61.5621
2019-11-20,61.8664
2019-11-21,62.1357
2019-11-22,62.3527
2019-11-25,62.6105
2019-11-26,62.8556
2019-11-27,63.1378
2019-11-29,63.4077
2019-12-02,63.6428
2019-12-03,63.8051
2019-12-04,63.991
2019-12-05,64.182
2019-12-06,64.4121
2019-12-09,64.5861
2019-12-10,64.7528
2019-12-11,64.9857
2019-12-12,65.2247
2019-12-13,65.4488
2019-12-16,65.6537
2019-12-17,65.8492
2019-12-18,66.0423
2019-12-19,66.2368
2019-12-20,66.4021
2019-12-23,66.5993
2019-12-24,66.7816
2019-12-26,67.0125
2019-12-27,67.2218
2019-12-30,67.4604
2019-12-31,67.6908
2020-01-02,67.9655
2020-01-03,68.2228
2020-01-06,68.5253
2020-01-07,68.8258
2020-01-08,69.168
2020-01-09,69.5254
2020-01-10,69.9057
2020-01-13,70.3116
2020-01-14,70.6869
2020-01-15,71.0767
2020-01-16,71.5376
2020-01-17,72.0085
2020-01-21,72.4297
2020-01-22,72.818
2020-01-23,73.2501
2020-01-24,73.6618
2020-01-27,73.9773
2020-01-28,74.3592
2020-01-29,74.7656
2020-01-30,75.1292
2020-01-31,75.3696
2020-02-03,75.6086
2020-02-04,75.9294
2020-02-05,76.2765
2020-02-06,76.6169
2020-02-07,76.9187
2020-02-10,77.1865
2020-02-11,77.4392
2020-02-12,77.7405
2020-02-13,78.0049
2020-02-14,78.2146
2020-02-18,78.3991
2020-02-19,78.6023
2020-02-20,78.7897
2020-02-21,78.8774
2020-02-24,78.7887
2020-02-25,78.6106
2020-02-26,78.4156
2020-02-27,78.0975
2020-02-28,77.7892
2020-03-02,77.6594
2020-03-03,77.4221
2020-03-04,77.3139
2020-03-05,77.115
2020-03-06,76.8712
2020-03-09,76.4457
2020-03-10,76.2563
2020-03-11,75.9127
2020-03-12,75.2888
2020-03-13,74.9151
2020-03-16,74.3639
2020-03-17,73.9079
2020-03-18,73.3165
2020-03-19,72.6879
2020-03-20,71.8996
2020-03-23,71.1073
2020-03-24,70.4889
2020-03-25,69.8753
2020-03-26,69.3059
2020-03-27,68.6671
2020-03-30,68.0862
2020-03-31,67.5503
2020-04-01,66.8653
2020-04-02,66.2411
2020-04-03,65.6478
2020-04-06,65.3521
2020-04-07,65.1148
2020-04-08,64.8947
2020-04-09,64.8489
2020-04-13,64.848
2020-04-14,64.7506
2020-04-15,64.7101
2020-04-16,64.5772
2020-04-17,64.4934
2020-04-20,64.3932
2020-04-21,64.4114
2020-04-22,64.3349
2020-04-23,64.3315
2020-04-24,64.6192
2020-04-27,64.6623
2020-04-28,64.9635
2020-04-29,65.2523
2020-04-30,65.6426
2020-05-01,66.0094
2020-05-04,66.5388
2020-05-05,67.1449
2020-05-06,67.5901
2020-05-07,68.0722
2020-05-08,68.5071
2020-05-11,69.0711
2020-05-12,69.5467
2020-05-13,69.9953
2020-05-14,70.5705
2020-05-15,71.0972
2020-05-18,71.7132
2020-05-19,72.1397
2020-05-20,72.6419
2020-05-21,73.0694
2020-05-22,73.4979
2020-05-26,73.8649
2020-05-27,74.1291
2020-05-28,74.4162
2020-05-29,74.682
2020-06-01,75.0124
2020-06-02,75.4039
2020-06-03,75.881
2020-06-04,76.2708
2020-06-05,76.7457
2020-06-08,77.1712
2020-06-09,77.6824
2020-06-10,78.3051
2020-06-11,78.7114
2020-06-12,79.0915
2020-06-15,79.5456
2020-06-16,80.0413
2020-06-17,80.4964
2020-06-18,80.9273
2020-06-19,81.3158
2020-06-22,81.7205
2020-06-23,82.1483
2020-06-24,82.5523
2020-06-25,83.0271
2020-06-26,83.3933
2020-06-29,83.8422
2020-06-30,84.2561
2020-07-01,84.6793
2020-07-02,85.052
2020-07-06,85.5253
2020-07-07,85.972
2020-07-08,86.5088
2020-07-09,87.0477
2020-07-10,87.591
2020-07-13,88.1222
2020-07-14,88.6734
2020-07-15,89.2344
2020-07-16,89.7406
2020-07-17,90.2637
2020-07-20,90.7779
2020-07-21,91.2308
2020-07-22,91.6053
2020-07-23,91.7593
2020-07-24,92.0462
2020-07-27,92.382
2020-07-28,92.6313
2020-07-29,92.8645
2020-07-30,93.1399
2020-07-31,93.7486
2020-08-03,94.463
2020-08-04,95.1256
2020-08-05,95.7377
2020-08-06,96.5311
2020-08-07,97.199
2020-08-10,98.0137
2020-08-11,98.6491
2020-08-12,99.3805
2020-08-13,100.1841
2020-08-14,100.9843
2020-08-17,101.6936
2020-08-18,102.4444
2020-08-19,103.1279
2020-08-20,103.8832
2020-08-21,104.8358
2020-08-24,105.8526
2020-08-25,106.7825
2020-08-26,107.7467
2020-08-27,108.7006
2020-08-28,109.6542
2020-08-31,110.6812
2020-09-01,111.9244
2020-09-02,113.0659
2020-09-03,114.0045
2020-09-04,114.9534
2020-09-08,115.5585
2020-09-09,116.3651
2020-09-10,116.9849
2020-09-11,117.5168
2020-09-14,117.826
2020-09-15,118.0524
2020-09-16,118.1411
2020-09-17,118.1571
2020-09-18,117.9291
2020-09-21,117.8947
2020-09-22,117.8642
2020-09-23,117.7891
2020-09-24,117.6297
2020-09-25,117.5389
2020-09-28,117.5407
2020-09-29,117.5234
2020-09-30,117.5317
2020-10-01,117.5677
2020-10-02,117.3928
2020-10-05,117.1309
2020-10-06,116.7084
2020-10-07,116.3841
2020-10-08,115.9997
2020-10-09,115.7322
2020-10-12,115.7186
2020-10-13,115.4544
2020-10-14,115.0222
2020-10-15,114.6664
2020-10-16,114.6046
2020-10-19,114.4388
2020-10-20,114.5949
2020-10-21,114.5799
2020-10-22,114.6551
2020-10-23,114.7563
2020-10-26,114.7461
2020-10-27,114.7814
2020-10-28,114.7505
2020-10-29,114.9162
2020-10-30,114.9834
2020-11-02,114.9398
2020-11-03,114.8942
2020-11-04,115.1548
2020-11-05,115.5145
2020-11-06,115.7346
2020-11-09,115.7865
2020-11-10,115.8558
