Ticker,Predicted Close,Real Close,Yesterday's Close,Real Increase,Predicted Increase,Real Percentage Increase,Predicted Percentage Increase,Real Minus Predicted Percentage
MMM,231.62828,233.19,233.63,-0.4399999999999977,-2.001720000000006,-0.0018833197791379435,-0.008567906518854624,0.006684586739716681
AOS,60.805637,62.72,62.32,0.3999999999999986,-1.514363000000003,0.006418485237483931,-0.02429979139922983,0.03071827663671376
ABT,56.322277,58.67,58.86,-0.18999999999999773,-2.5377229999999997,-0.003227998640842639,-0.04311455997281685,0.03988656133197421
ABBV,94.798294,113.62,111.2,2.4200000000000017,-16.401706000000004,0.021762589928057567,-0.14749735611510795,0.16925994604316552
ACN,147.71759,155.15,154.69,0.46000000000000796,-6.972409999999996,0.0029736893141121467,-0.04507343719697457,0.04804712651108672
ATVI,66.38916,69.46,69.7,-0.2400000000000091,-3.310839999999999,-0.0034433285509326986,-0.04750129124820658,0.044057962697273884
ADBE,184.8301,192.34,194.47,-2.1299999999999955,-9.639900000000011,-0.010952846197356895,-0.049570113642207085,0.03861726744485019
AAP,89.37488,109.93,112.2,-2.269999999999996,-22.82512,-0.02023172905525843,-0.20343244206773617,0.18320071301247773
AMD,11.743916,11.6,11.65,-0.05000000000000071,0.09391600000000011,-0.0042918454935622925,0.00806145922746782,-0.012353304721030113
AES,10.872303,10.48,10.58,-0.09999999999999964,0.2923030000000004,-0.009451795841209797,0.02762788279773161,-0.037079678638941405
AFL,85.18547,85.6,85.62,-0.020000000000010232,-0.4345300000000094,-0.0002335902826443615,-0.005075099275870233,0.004841508993225872
A,69.79627,68.06,68.45,-0.39000000000000057,1.346270000000004,-0.005697589481373273,0.019667932797662584,-0.02536552227903586
APD,161.90579,158.21,160.22,-2.009999999999991,1.6857899999999972,-0.012545250280863755,0.010521720134814613,-0.023066970415678366
AKAM,55.859436,64.48,63.67,0.8100000000000023,-7.810563999999999,0.01272184702371607,-0.12267259305795507,0.13539444008167115
ALK,65.78636,64.23,63.19,1.0400000000000063,2.596360000000004,0.016458300363981743,0.04108814685868024,-0.024629846494698494
ALB,137.98784,106.63,107.54,-0.9100000000000108,30.44784,-0.008461967639948026,0.2831303700948484,-0.2915923377347964
ARE,127.38227,118.96,118.54,0.4199999999999875,8.84227,0.0035431078117090222,0.07459313311962205,-0.07105002530791303
ALXN,108.676056,117.15,114.91,2.240000000000009,-6.233943999999994,0.019493516665216336,-0.05425066573840392,0.07374418240362025
ALGN,255.327,234.33,241.45,-7.119999999999976,13.87700000000001,-0.02948850693725399,0.057473597018016194,-0.08696210395527018
ALLE,83.52697,79.96,80.11,-0.15000000000000568,3.4169700000000063,-0.0018724254150543713,0.042653476469854026,-0.044525901884908396
LNT,45.153645,37.5,37.51,-0.00999999999999801,7.643644999999999,-0.00026659557451341005,0.20377619301519595,-0.20404278858970937
ALL,99.65072,96.87,96.6,0.27000000000001023,3.0507200000000125,0.002795031055900727,0.031580952380952515,-0.028785921325051787
GOOGL,1056.7285,1055.41,1084.43,-29.019999999999982,-27.701500000000124,-0.026760602344088582,-0.02554475623138434,-0.0012158461127042414
GOOG,1040.7933,1048.58,1080.6,-32.01999999999998,-39.806699999999864,-0.029631686100314625,-0.03683759022765118,0.007205904127336554
MO,65.685425,66.79,66.53,0.2600000000000051,-0.8445750000000061,0.003908011423418084,-0.012694649030512642,0.016602660453930725
AMZN,1186.1183,1416.78,1442.84,-26.059999999999945,-256.7216999999998,-0.018061600731889848,-0.17792804468963977,0.15986644395774993
AEE,63.930744,53.19,53.0,0.18999999999999773,10.930743999999997,0.0035849056603773155,0.20624045283018863,-0.20265554716981132
AAL,48.67581,51.4,51.18,0.21999999999999886,-2.5041900000000012,0.004298554122704159,-0.048929073856975404,0.05322762797967956
AEP,77.396255,64.45,64.91,-0.45999999999999375,12.486255,-0.007086735479895144,0.19236257895547682,-0.19944931443537195
AXP,93.832375,93.61,94.18,-0.5700000000000074,-0.34762500000000784,-0.006052240390741212,-0.0036910702909323406,-0.0023611700998088718
AIG,59.268414,60.47,60.26,0.21000000000000085,-0.9915859999999981,0.003484898771988066,-0.016455127779621607,0.019940026551609674
AMT,148.21866,140.0,140.17,-0.1699999999999875,8.048660000000012,-0.0012128130127701186,0.0574207034315475,-0.05863351644431762
AWK,89.56087,77.96,78.96,-1.0,10.60087,-0.012664640324214793,0.13425620567375887,-0.14692084599797367
AMP,159.74269,160.11,160.56,-0.44999999999998863,-0.817309999999992,-0.0028026905829595704,-0.00509037120079716,0.0022876806178375895
ABC,81.34606,94.22,91.54,2.6799999999999926,-10.193940000000012,0.02927681887699358,-0.11136049814288848,0.14063731701988205
AME,70.34778,74.16,74.71,-0.5499999999999972,-4.3622199999999935,-0.00736179895596302,-0.058388702984874766,0.051026904028911746
AMGN,170.25052,177.47,176.65,0.8199999999999932,-6.399480000000011,0.004641947353523879,-0.03622688932918206,0.04086883668270594
APH,91.42286,88.28,88.56,-0.28000000000000114,2.8628599999999977,-0.003161698283649516,0.032326784101174316,-0.035488482384823834
ADI,89.39021,85.35,88.54,-3.190000000000012,0.8502099999999899,-0.03602891348543045,0.00960255251863553,-0.04563146600406598
ANSS,152.32481,155.03,157.1,-2.069999999999993,-4.775189999999981,-0.013176320814767621,-0.030395862507956593,0.01721954169318897
ANTM,220.5051,238.44,234.83,3.609999999999985,-14.324900000000014,0.015372822893156689,-0.06100114976791727,0.07637397266107396
AON,139.24031,140.55,139.92,0.6300000000000239,-0.6796899999999937,0.004502572898799485,-0.004857704402515679,0.009360277301315164
APA,41.32026,39.55,41.12,-1.5700000000000003,0.2002600000000001,-0.03818093385214009,0.0048701361867704305,-0.04305107003891052
AIV,45.708424,39.21,39.62,-0.4099999999999966,6.088424000000003,-0.010348308934881287,0.15367046945986884,-0.16401877839475013
AAPL,175.66692,159.54,163.03,-3.490000000000009,12.636920000000003,-0.021407102987180328,0.07751285039563273,-0.09891995338281306
AMAT,58.68693,48.69,50.25,-1.5600000000000023,8.436929999999997,-0.03104477611940303,0.1678991044776119,-0.19894388059701493
ADM,39.194935,42.19,42.0,0.18999999999999773,-2.805064999999999,0.00452380952380947,-0.06678726190476188,0.07131107142857135
AJG,65.87798,66.11,65.4,0.7099999999999937,0.4779799999999881,0.01085626911314975,0.007308562691131316,0.0035477064220184344
AIZ,98.71223,88.49,88.49,0.0,10.22223000000001,0.0,0.11551847666402995,-0.11551847666402995
T,34.870884,36.93,36.83,0.10000000000000142,-1.9591160000000016,0.0027151778441488303,-0.05319348357317409,0.055908661417322925
ADSK,130.22841,110.54,112.62,-2.0799999999999983,17.608409999999992,-0.01846918842123955,0.1563524240809802,-0.17482161250221975
ADP,110.15064,113.56,112.95,0.6099999999999994,-2.799360000000007,0.005400619743249221,-0.024784063745019982,0.030184683488269203
AZO,633.2184,728.33,745.07,-16.74000000000001,-111.85160000000008,-0.022467687599822848,-0.15012227039070164,0.1276545827908788
AVB,185.58998,158.28,160.25,-1.9699999999999989,25.339979999999997,-0.01229329173166926,0.15812780031201246,-0.17042109204368172
AVY,111.78939,114.78,114.24,0.5400000000000063,-2.4506099999999975,0.004726890756302576,-0.02145141806722687,0.026178308823529447
BLL,40.690605,39.33,36.93,2.3999999999999986,3.760604999999998,0.06498781478472783,0.10183062550771725,-0.03684281072298942
BAC,26.71914,31.25,31.2,0.05000000000000071,-4.48086,0.0016025641025641253,-0.14361730769230768,0.1452198717948718
BAX,64.29687,65.55,66.67,-1.1200000000000045,-2.3731300000000033,-0.016799160041997968,-0.03559517024148797,0.018796010199490003
BDX,226.57222,221.92,227.52,-5.600000000000023,-0.9477800000000229,-0.02461322081575256,-0.0041656997187061486,-0.020447521097046412
BRK.B,182.51396,200.37,201.24,-0.8700000000000045,-18.726040000000012,-0.004323196183661323,-0.09305326972768839,0.08873007354402707
BBY,57.112267,71.26,70.3,0.960000000000008,-13.187732999999994,0.01365576102418219,-0.18759221906116635,0.20124798008534855
BIIB,309.07626,326.89,332.86,-5.970000000000027,-23.783740000000023,-0.01793546836507849,-0.07145268280958968,0.053517214444511185
BLK,479.8538,532.26,535.22,-2.9600000000000364,-55.36620000000005,-0.005530436082358724,-0.10344568588617774,0.09791524980381902
BA,265.95792,348.12,340.91,7.2099999999999795,-74.95208000000002,0.021149276935261443,-0.21985884837640438,0.24100812531166582
BWA,53.25375,55.0,54.16,0.8400000000000034,-0.90625,0.015509601181683964,-0.016732828655834565,0.03224242983751853
BXP,125.81479,115.34,115.32,0.020000000000010232,10.494790000000009,0.00017343045438787924,0.09100580992022207,-0.0908323794658342
BSX,29.174105,26.32,26.72,-0.3999999999999986,2.454105000000002,-0.014970059880239469,0.0918452470059881,-0.10681530688622758
BMY,61.79934,62.63,60.9,1.730000000000004,0.8993400000000022,0.02840722495894916,0.0147674876847291,0.01363973727422006
AVGO,283.21777,237.38,240.38,-3.0,42.83776999999998,-0.012480239620600716,0.17820854480406015,-0.19068878442466086
BF.B,58.924465,65.08,65.01,0.06999999999999318,-6.085535000000007,0.001076757421934982,-0.09360921396708209,0.09468597138901708
CHRW,79.72918,92.57,90.77,1.7999999999999972,-11.040819999999997,0.01983034042084386,-0.12163512173625644,0.14146546215710032
COG,30.243793,23.37,24.6,-1.2300000000000004,5.643792999999999,-0.05000000000000002,0.22942247967479668,-0.2794224796747967
CDNS,46.406803,38.57,39.58,-1.009999999999998,6.826802999999998,-0.025517938352703336,0.17248112683173317,-0.1979990651844365
CPB,46.412777,44.8,45.14,-0.3400000000000034,1.2727769999999978,-0.007532122286220722,0.028196211785556,-0.035728334071776724
COF,87.48185,98.12,98.44,-0.3199999999999932,-10.958150000000003,-0.003250711093051536,-0.1113180617635108,0.10806735067045926
CAH,56.540955,65.14,65.44,-0.29999999999999716,-8.899045000000001,-0.004584352078239566,-0.1359878514669927,0.13140349938875312
KMX,68.55161,65.4,65.32,0.0800000000000125,3.2316100000000034,0.0012247397428048455,0.04947351500306191,-0.04824877526025706
CCL,66.94405,69.12,69.27,-0.14999999999999147,-2.3259499999999917,-0.0021654395842354767,-0.03357802800635184,0.03141258842211636
CAT,137.43434,154.34,156.41,-2.069999999999993,-18.975660000000005,-0.013234447925324425,-0.12131999232785631,0.10808554440253189
CBOE,120.40672,114.565,116.94,-2.375,3.4667200000000093,-0.020309560458354713,0.029645288181973744,-0.04995484864032845
CNC,97.339645,104.38,103.67,0.7099999999999937,-6.330354999999997,0.006848654384103345,-0.06106255425870548,0.06791120864280882
CNP,29.884043,26.36,26.32,0.03999999999999915,3.564042999999998,0.0015197568389057428,0.1354119680851063,-0.13389221124620057
CTL,13.908011,17.06,17.07,-0.010000000000001563,-3.161989,-0.0005858230814294999,-0.18523661394258933,0.18465079086115985
CERN,71.2958,63.48,63.99,-0.5100000000000051,7.305799999999998,-0.007969995311767543,0.11417096421315827,-0.12214095952492582
CF,35.991375,39.48,39.04,0.4399999999999977,-3.0486250000000013,0.01127049180327863,-0.07808977971311479,0.08936027151639342
SCHW,45.926476,52.03,52.86,-0.8299999999999983,-6.9335239999999985,-0.0157018539538403,-0.13116768823306846,0.11546583427922816
CHTR,329.16104,363.55,369.75,-6.199999999999989,-40.588959999999986,-0.01676808654496278,-0.10977406355645702,0.09300597701149424
CVX,116.700165,115.29,117.18,-1.8900000000000006,-0.47983500000000845,-0.01612903225806452,-0.004094854070660594,-0.012034178187403925
CMG,279.5098,272.21,304.33,-32.120000000000005,-24.8202,-0.10554332468044558,-0.08155686261623896,-0.023986462064206626
CB,149.5347,147.52,145.88,1.6400000000000148,3.654699999999991,0.01124211680833572,0.02505278310940493,-0.013810666301069212
CHD,45.120506,47.37,47.87,-0.5,-2.7494939999999986,-0.010444955086693127,-0.05743668268226444,0.04699172759557131
CI,200.84189,195.44,197.59,-2.1500000000000057,3.251890000000003,-0.010881117465458806,0.016457766081279433,-0.02733888354673824
CINF,72.827324,72.63,72.6,0.030000000000001137,0.22732400000001007,0.0004132231404958835,0.003131184573002894,-0.0027179614325070103
CTAS,147.94748,156.6,156.35,0.25,-8.402519999999981,0.0015989766549408379,-0.05374173329069384,0.05534070994563468
CSCO,36.588493,40.34,40.17,0.1700000000000017,-3.581507000000002,0.004232013940751847,-0.08915875031117754,0.09339076425192938
C,72.21116,74.99,74.82,0.1700000000000017,-2.6088399999999865,0.002272119754076473,-0.034868217054263385,0.037140336808339856
CFG,37.891113,44.84,44.6,0.240000000000002,-6.708887000000004,0.005381165919282556,-0.15042347533632297,0.15580464125560553
CTXS,86.339615,87.6,89.12,-1.5200000000000102,-2.7803850000000097,-0.017055655296229915,-0.031198215888689516,0.0141425605924596
CME,142.05656,159.93,157.65,2.280000000000001,-15.593440000000015,0.014462416745956238,-0.09891176657151929,0.11337418331747552
CMS,50.39689,42.16,42.16,0.0,8.236890000000002,0.0,0.19537215370018982,-0.19537215370018982
KO,46.285904,44.56,44.67,-0.10999999999999943,1.6159040000000005,-0.0024625027982986217,0.03617425565256325,-0.03863675845086187
CTSH,72.522514,76.52,73.9,2.6199999999999903,-1.3774860000000047,0.03545331529093356,-0.01863986468200277,0.054093179972936334
CL,72.3044,70.17,70.41,-0.23999999999999488,1.8944000000000045,-0.003408606731998223,0.026905269137906612,-0.030313875869904836
CMCSA,36.022076,40.15,39.67,0.4799999999999969,-3.6479240000000033,0.0120998235442399,-0.09195674313082942,0.10405656667506932
CMA,78.78118,93.58,92.77,0.8100000000000023,-13.98881999999999,0.008731270884984394,-0.15079034170529257,0.15952161259027697
CAG,35.66285,35.89,35.71,0.17999999999999972,-0.047150000000002024,0.005040604872584702,-0.0013203584430132181,0.00636096331559792
CXO,140.69513,148.1,149.05,-0.950000000000017,-8.354870000000005,-0.006373700100637484,-0.05605414290506545,0.04968044280442796
COP,50.560997,55.63,55.94,-0.30999999999999517,-5.379002999999997,-0.005541651769753221,-0.09615664998212366,0.09061499821237043
ED,87.731575,75.26,75.88,-0.6199999999999903,11.851575000000011,-0.008170795993674096,0.1561883895624672,-0.1643591855561413
STZ,222.3418,214.15,216.29,-2.1399999999999864,6.051800000000014,-0.009894123630311094,0.027980026815849157,-0.03787415044616025
GLW,32.312473,29.82,29.8,0.019999999999999574,2.5124729999999964,0.0006711409395973011,0.08431117449664417,-0.08364003355704687
COST,171.76855,183.19,185.01,-1.8199999999999932,-13.241449999999986,-0.009837306091562583,-0.07157153667369325,0.061734230582130664
COTY,17.107649,17.48,17.43,0.05000000000000071,-0.32235100000000116,0.0028686173264486927,-0.018494033275961053,0.021362650602409744
CCI,113.67837,108.75,108.55,0.20000000000000284,5.128370000000004,0.001842468908337198,0.047244311377245544,-0.04540184246890835
CSX,51.07126,52.97,53.82,-0.8500000000000014,-2.748739999999998,-0.015793385358602776,-0.051072835377183164,0.03527945001858039
CMI,160.71268,172.74,174.83,-2.0900000000000034,-14.117320000000007,-0.011954470056626455,-0.08074884173196822,0.06879437167534178
CVS,70.74291,74.35,74.02,0.3299999999999983,-3.277090000000001,0.004458254525803814,-0.04427303431505,0.048731288840853815
DHI,50.612427,46.29,46.11,0.17999999999999972,4.502426999999997,0.003903708523096936,0.09764534808067658,-0.09374163955757965
DHR,nan,95.25,97.05,-1.7999999999999972,nan,-0.018547140649149894,nan,nan
DRI,80.332954,95.08,94.38,0.7000000000000028,-14.047045999999995,0.007416825598643811,-0.14883498622589528,0.1562518118245391
DVA,57.173126,74.66,74.03,0.6299999999999955,-16.856873999999998,0.008510063487775164,-0.22770328245305954,0.2362133459408347
DE,145.54402,161.44,161.88,-0.4399999999999977,-16.335980000000006,-0.0027180627625401394,-0.10091413392636525,0.09819607116382512
DAL,50.330555,53.85,53.1,0.75,-2.7694450000000046,0.014124293785310734,-0.05215527306967994,0.06627956685499067
XRAY,68.41468,58.3,58.46,-0.1600000000000037,9.954680000000003,-0.002736914129319256,0.17028190215531994,-0.1730188162846392
DVN,38.133556,36.76,38.38,-1.6200000000000045,-0.24644400000000388,-0.042209484106305484,-0.006421156852527459,-0.03578832725377802
DLR,118.445465,104.17,104.5,-0.3299999999999983,13.945464999999999,-0.003157894736842089,0.13344942583732056,-0.13660732057416264
DFS,65.52659,76.63,76.14,0.4899999999999949,-10.613410000000002,0.006435513527712042,-0.13939335434725508,0.14582886787496713
DISCA,17.662584,23.12,23.84,-0.7199999999999989,-6.177416000000001,-0.030201342281879148,-0.25911979865771817,0.22891845637583902
DISCK,16.622402,21.95,22.66,-0.7100000000000009,-6.037597999999999,-0.03133274492497797,-0.2664429832303618,0.23511023830538383
DISH,50.571636,45.1,43.32,1.7800000000000011,7.251635999999998,0.04108956602031397,0.1673969529085872,-0.12630738688827323
DG,86.3294,97.88,97.6,0.28000000000000114,-11.270599999999988,0.0028688524590164055,-0.11547745901639332,0.11834631147540972
DLTR,98.51371,106.08,107.85,-1.769999999999996,-9.336289999999991,-0.01641168289290678,-0.08656736207695866,0.07015567918405188
D,83.00111,73.76,74.11,-0.3499999999999943,8.891109999999998,-0.004722709485899262,0.11997179867764131,-0.12469450816354057
DOV,94.636566,99.92,99.83,0.09000000000000341,-5.193433999999996,0.0009015326054292638,-0.05202277872383047,0.05292431132925974
DTE,113.51507,99.27,99.36,-0.09000000000000341,14.155069999999995,-0.0009057971014493097,0.142462459742351,-0.1433682568438003
DUK,89.74489,74.4,74.49,-0.0899999999999892,15.254890000000003,-0.0012082158679015869,0.2047911129010606,-0.2059993287689622
DRE,30.084349,25.37,25.52,-0.14999999999999858,4.564349,-0.005877742946708409,0.17885380094043887,-0.18473154388714727
DXC,98.033424,96.08,95.94,0.14000000000000057,2.093423999999999,0.001459245361684392,0.021820137585991235,-0.020360892224306842
ETFC,45.09388,51.55,52.28,-0.730000000000004,-7.1861200000000025,-0.013963274674827926,-0.1374544758990054,0.12349120122417746
EMN,91.183205,98.98,99.02,-0.03999999999999204,-7.836794999999995,-0.00040395879620270695,-0.07914355685720052,0.07873959806099781
ETN,76.00754,81.62,82.68,-1.0600000000000023,-6.672460000000001,-0.012820512820512846,-0.08070222544750848,0.06788171262699563
EBAY,35.962147,42.33,42.79,-0.46000000000000085,-6.8278529999999975,-0.01075017527459689,-0.15956655760691746,0.14881638233232056
ECL,133.16278,133.12,131.74,1.3799999999999955,1.4227799999999888,0.010475178381660812,0.010799908911492248,-0.0003247305298314362
EIX,81.548096,59.69,60.36,-0.6700000000000017,21.188096,-0.011100066269052382,0.351028760768721,-0.3621288270377734
EW,109.494545,129.7,127.08,2.6199999999999903,-17.585454999999996,0.02061693421466785,-0.138380980484734,0.15899791469940183
EA,108.11778,123.05,123.13,-0.0799999999999983,-15.01222,-0.0006497198083326427,-0.12192170876309591,0.12127198895476327
EMR,61.704388,68.96,69.25,-0.29000000000000625,-7.545611999999998,-0.004187725631769043,-0.1089619061371841,0.10477418050541505
ETR,86.292656,72.77,73.76,-0.9900000000000091,12.532655999999989,-0.01342190889370945,0.16991127982646403,-0.18333318872017348
EOG,101.81304,105.78,108.27,-2.489999999999995,-6.456959999999995,-0.02299806040454415,-0.05963757273482955,0.0366395123302854
EFX,110.108055,117.6,118.41,-0.8100000000000023,-8.301945000000003,-0.006840638459589581,-0.07011185710666332,0.06327121864707373
EQIX,474.92044,426.08,430.85,-4.770000000000039,44.07043999999996,-0.011071138447255515,0.1022871997214807,-0.11335833816873622
EQR,69.18171,56.86,57.71,-0.8500000000000014,11.471709999999995,-0.0147288164962745,0.19878201351585503,-0.21351083001212953
ESS,251.27242,217.81,218.82,-1.009999999999991,32.45242000000002,-0.0046156658440727125,0.14830646193218178,-0.1529221277762545
EL,126.29867,134.71,137.22,-2.509999999999991,-10.921329999999998,-0.018291794199096274,-0.07958992858183936,0.061298134382743084
RE,218.13612,246.7,242.32,4.3799999999999955,-24.183879999999988,0.018075272367117843,-0.09980141961043244,0.11787669197755028
ES,nan,56.89,57.54,-0.6499999999999986,nan,-0.011296489398679155,nan,nan
EXC,42.563057,36.15,36.47,-0.3200000000000003,6.093057000000002,-0.00877433506992049,0.16707038661913906,-0.17584472168905954
EXPE,127.42693,129.33,127.28,2.0500000000000114,0.14692999999999756,0.016106222501571427,0.0011543840351979696,0.014951838466373457
EXPD,60.02783,62.13,61.87,0.2600000000000051,-1.8421699999999959,0.004202359786649509,-0.029774850492969063,0.03397721027961857
EXR,88.240715,80.42,79.73,0.6899999999999977,8.51071499999999,0.008654207951837422,0.10674419917220607,-0.09808999122036864
XOM,81.68245,76.94,78.35,-1.4099999999999966,3.3324500000000086,-0.017996171027440926,0.04253286534779845,-0.060529036375239376
FFIV,123.31632,141.39,139.73,1.6599999999999966,-16.413679999999985,0.011880054390610439,-0.11746711515064757,0.12934716954125802
FB,183.12457,180.18,185.31,-5.1299999999999955,-2.1854299999999967,-0.027683341427877584,-0.011793373266418416,-0.01588996816145917
FAST,49.068394,53.24,53.02,0.21999999999999886,-3.9516060000000053,0.004149377593360974,-0.07453047906450405,0.07867985665786503
FRT,132.80865,111.34,112.22,-0.8799999999999955,20.58865,-0.007841739440384918,0.1834668508287293,-0.1913085902691142
FDX,217.09596,251.15,250.18,0.9699999999999989,-33.084040000000016,0.003877208409944835,-0.13224094651850674,0.13611815492845158
FIS,92.22605,96.77,95.72,1.0499999999999972,-3.493949999999998,0.01096949435854573,-0.03650177601337232,0.04747127037191805
FITB,28.372887,32.34,32.02,0.3200000000000003,-3.6471130000000045,0.009993753903810127,-0.11390109306683335,0.12389484697064349
FE,34.923573,30.81,30.89,-0.08000000000000185,4.033572999999997,-0.002589834898025311,0.13057860148915496,-0.13316843638718026
FISV,128.28519,129.17,130.75,-1.5800000000000125,-2.46481,-0.012084130019120554,-0.018851319311663478,0.006767189292542924
FLIR,47.259403,48.4,48.41,-0.00999999999999801,-1.1505969999999976,-0.00020656889072501574,-0.02376775459615777,0.023561185705432756
FLS,39.21652,41.55,41.83,-0.28000000000000114,-2.6134799999999956,-0.0066937604590007445,-0.06247860387281845,0.0557848434138177
FMC,95.36368,83.97,84.99,-1.019999999999996,10.373680000000007,-0.012001411930815343,0.12205765384162852,-0.13405906577244386
F,12.691088,10.76,10.76,0.0,1.9310880000000008,0.0,0.17946914498141273,-0.17946914498141273
FTV,72.49396,71.69,72.11,-0.4200000000000017,0.38396000000000186,-0.005824434891138562,0.005324642906670391,-0.011149077797808953
FBHS,64.97471,63.4,64.16,-0.759999999999998,0.8147100000000052,-0.011845386533665805,0.01269809850374073,-0.024543485037406533
FOXA,30.485785,36.06,36.8,-0.7399999999999949,-6.314214999999997,-0.020108695652173776,-0.171581929347826,0.15147323369565224
FOX,29.801868,35.7,36.42,-0.7199999999999989,-6.618132000000003,-0.01976935749588135,-0.18171696869851736,0.161947611202636
BEN,41.670895,39.44,39.72,-0.28000000000000114,1.9508950000000027,-0.007049345417925507,0.049116188318227665,-0.05616553373615317
FCX,14.3789015,17.86,18.74,-0.879999999999999,-4.361098499999999,-0.04695837780149408,-0.2327160352187833,0.18575765741728922
GPS,29.762726,32.62,32.16,0.46000000000000085,-2.397273999999996,0.014303482587064705,-0.07454210199004963,0.08884558457711433
GRMN,62.36868,63.08,62.31,0.769999999999996,0.0586799999999954,0.012357567003691157,0.0009417428984110961,0.01141582410528006
IT,116.52057,119.45,124.02,-4.569999999999993,-7.49942999999999,-0.03684889533946133,-0.06046952104499266,0.023620625705531334
GD,200.16866,214.95,212.46,2.4899999999999807,-12.29134000000002,0.011719853148827923,-0.05785248988044817,0.06957234302927609
GE,18.982716,15.25,15.27,-0.019999999999999574,3.7127160000000003,-0.0013097576948264292,0.24313791748526525,-0.2444476751800917
GIS,53.83298,54.65,55.78,-1.1300000000000026,-1.947020000000002,-0.02025815704553608,-0.03490534241663682,0.01464718537110074
GM,45.343094,42.39,41.86,0.5300000000000011,3.4830940000000012,0.012661251791686602,0.08320817009077881,-0.07054691829909221
GPC,86.919914,99.27,100.06,-0.7900000000000063,-13.140085999999997,-0.007895262842294686,-0.13132206675994398,0.12342680391764929
GILD,72.5595,82.76,80.38,2.3800000000000097,-7.820499999999996,0.02960935556108497,-0.09729410301069913,0.1269034585717841
GPN,103.76811,106.32,106.01,0.30999999999998806,-2.241890000000012,0.0029242524290160176,-0.02114791057447422,0.024072163003490236
GS,236.04414,257.1,258.7,-1.599999999999966,-22.65585999999999,-0.00618477000386535,-0.08757580208735984,0.08139103208349449
GWW,200.2168,259.89,259.01,0.8799999999999955,-58.793199999999985,0.0033975522180610613,-0.22699200803057792,0.230389560248639
HRB,25.92356,25.74,25.17,0.5699999999999967,0.7535599999999967,0.022646007151370547,0.029938816050854057,-0.00729280889948351
HAL,41.653862,49.69,50.63,-0.9400000000000048,-8.976138000000006,-0.018566067548884155,-0.17728891961287785,0.1587228520639937
HBI,20.187084,21.96,21.63,0.33000000000000185,-1.4429160000000003,0.01525658807212214,-0.0667090152565881,0.08196560332871024
HIG,56.099144,55.86,55.13,0.7299999999999969,0.969144,0.013241429348811841,0.01757924904770542,-0.00433781969889358
HAS,95.21721,102.22,93.93,8.289999999999992,1.2872099999999875,0.0882572128180559,0.01370392845736173,0.07455328436069417
HCA,77.38016,98.4,98.71,-0.30999999999998806,-21.32983999999999,-0.0031405126127037595,-0.21608590821598614,0.21294539560328238
HSIC,70.33502,72.97,73.53,-0.5600000000000023,-3.194980000000001,-0.007615939072487451,-0.0434513803889569,0.03583544131646945
HES,44.510612,44.11,45.96,-1.8500000000000014,-1.449387999999999,-0.040252393385552684,-0.03153585726718884,-0.008716536118363843
HPE,13.434844,15.56,15.73,-0.16999999999999993,-2.2951560000000004,-0.010807374443738076,-0.145909472345836,0.13510209790209793
HLT,75.844635,82.02,80.69,1.3299999999999983,-4.845365000000001,0.016482835543437827,-0.06004913867889455,0.07653197422233238
HOLX,41.124184,40.45,40.39,0.060000000000002274,0.7341839999999991,0.001485516216885424,0.01817737063629609,-0.016691854419410665
HD,172.47935,191.29,191.04,0.25,-18.56064999999998,0.0013086264656616416,-0.0971558312395309,0.09846445770519253
HON,149.91812,151.19,151.4,-0.21000000000000796,-1.481880000000018,-0.001387054161162536,-0.009787846763540409,0.008400792602377874
HRL,34.884384,32.74,32.74,0.0,2.144383999999995,0.0,0.06549737324373839,-0.06549737324373839
HST,20.024986,19.45,19.42,0.029999999999997584,0.6049859999999967,0.0015447991761069816,0.031152729145210948,-0.029607929969103965
HPQ,21.331738,21.21,21.43,-0.21999999999999886,-0.0982619999999983,-0.010265982267848757,-0.004585254316378829,-0.005680727951469928
HUM,240.64838,264.9,269.12,-4.220000000000027,-28.47162,-0.0156807372175982,-0.10579525862068966,0.09011452140309145
HBAN,13.604713,15.64,15.53,0.11000000000000121,-1.925286999999999,0.007083065035415404,-0.12397211848036054,0.13105518351577594
HII,234.9433,234.82,227.67,7.150000000000006,7.273300000000006,0.03140510387842055,0.03194667720824002,-0.0005415733298194739
IDXX,154.87843,176.83,180.05,-3.219999999999999,-25.171570000000003,-0.0178839211330186,-0.13980322132740905,0.12191930019439046
INFO,43.896038,45.17,45.79,-0.6199999999999974,-1.893962000000002,-0.013540074252020036,-0.041361913081458875,0.02782183882943884
ITW,160.10014,163.44,164.14,-0.6999999999999886,-4.039859999999976,-0.004264652126233634,-0.02461228219812341,0.020347630071889777
ILMN,215.19324,221.2,220.8,0.39999999999997726,-5.606760000000008,0.0018115942028984477,-0.025392934782608734,0.02720452898550718
INCY,99.57992,86.34,88.11,-1.769999999999996,11.469920000000002,-0.02008852570650319,0.13017727840199753,-0.1502658041085007
IR,84.332344,91.19,91.75,-0.5600000000000023,-7.417655999999994,-0.00610354223433245,-0.08084638692098085,0.07474284468664841
INTC,44.99469,45.2,44.91,0.29000000000000625,0.08469000000000193,0.006457359162770124,0.0018857715430862154,0.004571587619683909
ICE,68.01686,70.72,72.27,-1.5499999999999972,-4.253140000000002,-0.021447350214473464,-0.058850698768507015,0.03740334855403355
IBM,151.93393,153.85,155.34,-1.490000000000009,-3.4060699999999997,-0.009591863010171295,-0.021926548216814726,0.012334685206643431
IFF,153.14644,142.7,142.41,0.28999999999999204,10.736440000000016,0.002036373850150917,0.07539105399901704,-0.07335468014886612
IP,54.955887,59.25,59.57,-0.3200000000000003,-4.614113000000003,-0.0053718314587879856,-0.07745699177438313,0.07208516031559514
IPG,18.914797,21.3,20.98,0.3200000000000003,-2.0652030000000003,0.015252621544327945,-0.09843674928503338,0.11368937082936131
INTU,154.07106,161.29,160.87,0.4199999999999875,-6.798940000000016,0.0026108037545843695,-0.04226356685522482,0.044874370609809186
ISRG,398.54007,399.53,408.33,-8.800000000000011,-9.78992999999997,-0.021551196336296652,-0.023975534494159064,0.0024243381578624122
IVZ,35.583294,33.46,33.61,-0.14999999999999858,1.9732940000000028,-0.004462957453138905,0.058711514430229185,-0.06317447188336808
IQV,104.994316,98.21,98.06,0.14999999999999147,6.9343159999999955,0.001529675708749658,0.07071503161329794,-0.06918535590454827
IRM,42.392715,33.18,33.11,0.07000000000000028,9.282715000000003,0.002114164904862588,0.2803598610691635,-0.2782456961643009
JBHT,104.195786,117.95,115.93,2.019999999999996,-11.734214000000009,0.017424307771931304,-0.10121809712757705,0.11864240489950836
SJM,111.47849,119.83,119.92,-0.09000000000000341,-8.441510000000008,-0.0007505003335557323,-0.0703928452301535,0.06964234489659778
JNJ,138.48827,131.42,131.83,-0.410000000000025,6.6582699999999875,-0.0031100659940834787,0.05050648562542659,-0.05361655161951007
JCI,37.03343,37.6,37.62,-0.01999999999999602,-0.5865699999999947,-0.0005316321105793732,-0.01559197235513011,0.015060340244550737
JPM,98.492546,112.87,112.11,0.7600000000000051,-13.617453999999995,0.0067790562840068245,-0.12146511461957002,0.12824417090357684
JNPR,27.881107,25.39,25.54,-0.14999999999999858,2.341107000000001,-0.005873140172278723,0.0916643304620204,-0.09753747063429911
KSU,106.64431,107.1,107.32,-0.21999999999999886,-0.6756899999999888,-0.0020499440924338324,-0.006296030562802729,0.004246086470368896
K,65.162544,64.21,65.16,-0.9500000000000028,0.0025440000000003238,-0.014579496623695563,3.904235727440645e-05,-0.014618538980969969
KEY,18.244482,21.13,21.01,0.11999999999999744,-2.765518,0.0057115659209898825,-0.13162865302237028,0.13734021894336015
KMB,116.91461,112.36,114.14,-1.7800000000000011,2.7746099999999956,-0.015594883476432462,0.02430883125985628,-0.03990371473628874
KIM,19.668608,14.52,14.67,-0.15000000000000036,4.998607999999999,-0.010224948875255649,0.34073674164962503,-0.3509616905248807
KMI,17.352892,17.29,17.33,-0.03999999999999915,0.022892000000002355,-0.002308136180034573,0.0013209463358339502,-0.003629082515868523
KLAC,105.22231,102.66,105.23,-2.5700000000000074,-0.007690000000010855,-0.024422693148341796,-7.307801957626965e-05,-0.024349615128765528
KSS,45.113876,62.92,62.75,0.1700000000000017,-17.636124000000002,0.002709163346613573,-0.28105376892430284,0.2837629322709164
KHC,80.42871,73.55,74.31,-0.7600000000000051,6.118709999999993,-0.010227425649307027,0.08234033104561961,-0.09256775669492663
KR,23.152277,28.9,29.07,-0.1700000000000017,-5.917722999999999,-0.005847953216374328,-0.2035680426556587,0.19772008943928437
LB,48.672657,49.11,47.2,1.9099999999999966,1.472656999999998,0.04046610169491518,0.031200360169491483,0.009265741525423695
LH,151.15205,169.66,168.67,0.9900000000000091,-17.517949999999985,0.005869449220371193,-0.10385931108080859,0.10972876030117978
LRCX,217.57887,171.63,178.34,-6.710000000000008,39.23886999999999,-0.037624761691151774,0.22002282157676342,-0.2576475832679152
LEG,47.07727,45.78,45.58,0.20000000000000284,1.4972700000000003,0.004387889425186548,0.03284927599824485,-0.028461386573058304
LEN,61.221363,60.91,60.44,0.46999999999999886,0.7813629999999989,0.0077763070814030255,0.012927911978821954,-0.005151604897418929
LLY,84.7111,76.72,77.99,-1.269999999999996,6.721100000000007,-0.016284138992178433,0.0861789973073472,-0.10246313629952564
LNC,73.27856,78.51,78.57,-0.05999999999998806,-5.291439999999994,-0.0007636502481861788,-0.0673468244877179,0.06658317423953171
LKQ,38.186604,40.35,40.53,-0.17999999999999972,-2.3433959999999985,-0.004441154700222051,-0.0578188008882309,0.05337764618800885
LMT,315.93295,345.43,337.59,7.840000000000032,-21.65704999999997,0.02322343671317288,-0.06415192985574208,0.08737536656891497
L,49.74605,47.86,47.81,0.04999999999999716,1.9360499999999945,0.0010458063166700932,0.040494666387784865,-0.03944886007111477
LOW,79.33965,99.92,100.22,-0.29999999999999716,-20.880349999999993,-0.002993414488126094,-0.20834514069048088,0.20535172620235478
LYB,104.43047,110.27,113.82,-3.549999999999997,-9.389529999999993,-0.031189597610261795,-0.08249455280267083,0.05130495519240903
MTB,159.24968,184.97,185.06,-0.09000000000000341,-25.81031999999999,-0.00048632875824058903,-0.1394700097265751,0.13898368096833452
MRO,15.1397085,16.33,17.23,-0.9000000000000021,-2.090291500000001,-0.052234474753337326,-0.1213169762042949,0.06908250145095757
MPC,62.070446,65.09,65.69,-0.5999999999999943,-3.619554000000001,-0.009133810321205577,-0.055100532805602086,0.04596672248439651
MAR,126.55443,139.64,140.03,-0.3900000000000148,-13.475570000000005,-0.0027851174748269284,-0.0962334499750054,0.09344833250017846
MMC,82.908,82.16,82.24,-0.0799999999999983,0.6680000000000064,-0.0009727626459143762,0.008122568093385293,-0.009095330739299669
MLM,205.9935,218.85,210.46,8.389999999999986,-4.466499999999996,0.03986505749311026,-0.02122256010643351,0.06108761759954377
MAS,39.754837,42.69,42.34,0.3499999999999943,-2.5851630000000014,0.008266414737836427,-0.06105722720831368,0.06932364194615011
MA,153.03453,168.73,169.28,-0.5500000000000114,-16.24547000000001,-0.003249054820415946,-0.09596804111531197,0.09271898629489603
MKC,99.31867,102.66,102.46,0.20000000000000284,-3.1413299999999964,0.0019519812609799226,-0.03065908647276983,0.03261106773374975
MCD,169.60477,165.71,165.18,0.5300000000000011,4.424769999999995,0.003208620898413858,0.026787565080518192,-0.023578944182104333
MCK,144.90218,152.83,152.52,0.3100000000000023,-7.617820000000023,0.002032520325203267,-0.0499463676894835,0.05197888801468677
MDT,83.593575,81.35,81.67,-0.3200000000000074,1.9235749999999996,-0.003918207420105392,0.023553018244153293,-0.027471225664258685
MRK,54.481075,55.88,55.46,0.4200000000000017,-0.9789250000000038,0.007573025604038977,-0.017651009736747273,0.025224035340786252
MET,52.51626,46.26,46.2,0.05999999999999517,6.31626,0.001298701298701194,0.1367155844155844,-0.1354168831168832
MTD,635.283,641.96,637.28,4.680000000000064,-1.9969999999999573,0.007343710770775897,-0.0031336304293245625,0.01047734120010046
MGM,34.10577,34.68,34.88,-0.20000000000000284,-0.7742300000000029,-0.005733944954128521,-0.02219696100917439,0.01646301605504587
MCHP,91.20894,82.91,91.92,-9.010000000000005,-0.7110600000000034,-0.09802001740644044,-0.00773563968668411,-0.09028437771975632
MU,50.474236,42.01,43.88,-1.8700000000000045,6.594235999999995,-0.04261622607110311,0.15027885141294428,-0.19289507748404738
MSFT,83.41279,89.61,91.33,-1.7199999999999989,-7.917209999999997,-0.01883280411693856,-0.08668794481550418,0.06785514069856562
MAA,105.10278,87.93,89.19,-1.259999999999991,15.912779999999998,-0.014127144298688093,0.1784143962327615,-0.1925415405314496
MHK,276.25473,267.66,268.05,-0.38999999999998636,8.204729999999984,-0.001454952434247291,0.03060895355344146,-0.032063905987688754
TAP,79.87677,76.16,77.98,-1.8200000000000074,1.8967699999999894,-0.023339317773788244,0.024323800974608737,-0.04766311874839698
MDLZ,42.31819,44.05,44.55,-0.5,-2.231809999999996,-0.011223344556677891,-0.050096745230078475,0.03887340067340059
MNST,61.767727,64.55,64.21,0.3400000000000034,-2.442272999999993,0.005295125369880135,-0.03803571094845029,0.04333083631833043
MCO,150.52702,157.98,157.94,0.03999999999999204,-7.412980000000005,0.00025326073192346487,-0.046935418513359535,0.047188679245283
MS,49.198883,54.55,54.33,0.21999999999999886,-5.131116999999996,0.004049328179642902,-0.09444353027793109,0.098492858457574
MSI,92.58776,102.63,102.76,-0.13000000000000966,-10.172240000000002,-0.0012650836901519041,-0.09899026858699884,0.09772518489684694
MYL,37.441532,40.45,40.98,-0.529999999999994,-3.5384679999999946,-0.012933138116154076,-0.08634621766715458,0.07341307955100052
NDAQ,77.75028,77.27,77.72,-0.45000000000000284,0.030280000000004748,-0.00579001544004121,0.00038960370560994274,-0.0061796191456511525
NOV,31.973042,34.05,35.39,-1.3400000000000034,-3.416958000000001,-0.03786380333427532,-0.09655151172647643,0.05868770839220111
NTAP,56.535168,57.63,58.14,-0.509999999999998,-1.6048320000000018,-0.00877192982456137,-0.027602889576883415,0.018830959752322046
NFLX,195.85594,264.56,265.72,-1.160000000000025,-69.86406000000002,-0.0043654975161825415,-0.26292360379346685,0.2585581062772843
NWL,28.991274,29.46,28.75,0.7100000000000009,0.24127400000000065,0.024695652173913073,0.008392139130434805,0.016303513043478268
NEM,37.01958,37.03,37.63,-0.6000000000000014,-0.6104200000000048,-0.01594472495349459,-0.016221631676853702,0.00027690672335911257
NWSA,15.945486,16.06,16.29,-0.23000000000000043,-0.34451399999999843,-0.014119091467157792,-0.021148802946592906,0.007029711479435114
NWS,16.024004,16.3,16.5,-0.1999999999999993,-0.47599599999999853,-0.012121212121212078,-0.028848242424242335,0.016727030303030258
NEE,156.84549,148.09,149.56,-1.4699999999999989,7.28549000000001,-0.009828831238299003,0.048712824284568135,-0.058541655522867136
NLSN,36.82258,37.56,36.86,0.7000000000000028,-0.037419999999997344,0.018990775908844352,-0.0010151926207270035,0.020005968529571354
NKE,59.48571,65.63,65.22,0.4099999999999966,-5.734290000000001,0.006286415210058212,-0.08792226310947565,0.09420867831953386
NI,27.961927,23.09,23.28,-0.19000000000000128,4.681926999999998,-0.008161512027491463,0.2011137027491408,-0.20927521477663227
NBL,26.075232,27.08,28.17,-1.0900000000000034,-2.094768000000002,-0.03869364572239983,-0.0743616613418531,0.035668015619453264
NSC,130.1175,142.68,143.05,-0.37000000000000455,-12.932500000000005,-0.0025865082139112515,-0.09040545263893746,0.0878189444250262
NTRS,94.361595,100.73,101.36,-0.6299999999999955,-6.998405000000005,-0.006215469613259624,-0.06904503749013423,0.0628295678768746
NOC,302.85547,337.66,327.5,10.160000000000025,-24.644529999999975,0.031022900763358854,-0.07525047328244266,0.10627337404580152
NCLH,55.826965,57.74,58.2,-0.46000000000000085,-2.3730350000000016,-0.007903780068728536,-0.04077379725085913,0.0328700171821306
NRG,29.941422,25.36,25.51,-0.15000000000000213,4.431421999999998,-0.0058800470403764064,0.17371313210505673,-0.17959317914543313
NUE,55.977627,62.92,63.6,-0.6799999999999997,-7.622373000000003,-0.010691823899371065,-0.11984863207547175,0.10915680817610068
NVDA,217.24738,228.8,225.58,3.219999999999999,-8.33262000000002,0.014274315098856277,-0.036938647043177675,0.051212962142033955
ORLY,216.60658,252.08,254.9,-2.819999999999993,-38.29342,-0.011063162024323238,-0.15022918791683013,0.1391660258925069
OXY,68.51307,69.87,71.22,-1.3499999999999943,-2.70693,-0.018955349620892927,-0.03800800336983993,0.019052653748947
OMC,69.071686,75.38,73.78,1.5999999999999943,-4.708314000000001,0.021686093792355574,-0.06381558687991327,0.08550168067226885
OKE,51.104168,56.58,56.42,0.1599999999999966,-5.315832,0.0028358738036156784,-0.09421892945763914,0.09705480326125482
ORCL,49.369896,48.87,49.4,-0.5300000000000011,-0.030104000000001463,-0.010728744939271279,-0.0006093927125506369,-0.010119352226720642
PCAR,67.003456,68.69,70.05,-1.3599999999999994,-3.0465439999999973,-0.019414703783012126,-0.04349099214846534,0.024076288365453218
PKG,111.60288,117.13,118.96,-1.8299999999999983,-7.357119999999995,-0.015383322125084049,-0.06184532616005376,0.04646200403496971
PH,183.3907,183.31,186.92,-3.609999999999985,-3.529299999999978,-0.01931307511234745,-0.01888133961052845,-0.0004317355018189986
PAYX,64.93156,64.74,64.23,0.5099999999999909,0.7015600000000006,0.007940214852872347,0.01092262182780633,-0.002982406974933984
PYPL,78.88738,75.59,75.68,-0.09000000000000341,3.2073799999999864,-0.0011892177589852458,0.04238081395348819,-0.04357003171247344
PNR,69.39656,68.65,68.48,0.1700000000000017,0.9165599999999898,0.0024824766355140433,0.013384345794392374,-0.01090186915887833
PBCT,18.27291,19.2,19.12,0.0799999999999983,-0.8470900000000015,0.004184100418409952,-0.044303870292887106,0.048487970711297054
PEP,116.2779,113.5,113.56,-0.060000000000002274,2.7179,-0.000528355054596709,0.02393360338147235,-0.02446195843606906
PKI,73.645164,75.77,76.0,-0.23000000000000398,-2.354836000000006,-0.0030263157894737367,-0.030984684210526393,0.027958368421052655
PRGO,86.97207,87.52,88.04,-0.5200000000000102,-1.067930000000004,-0.005906406179009657,-0.012130054520672466,0.006223648341662809
PFE,35.733665,34.98,35.28,-0.30000000000000426,0.4536650000000009,-0.008503401360544338,0.012858985260771,-0.021362386621315337
PM,103.53554,98.88,100.33,-1.4500000000000028,3.205539999999999,-0.014452307385627458,0.0319499651151201,-0.046402272500747556
PSX,93.733665,95.61,96.88,-1.269999999999996,-3.1463349999999934,-0.013109000825763792,-0.03247662056151934,0.01936761973575555
PNW,90.43427,75.16,75.16,0.0,15.274270000000001,0.0,0.20322339010111765,-0.20322339010111765
PXD,154.16777,176.2,173.95,2.25,-19.78223,0.012934751365334868,-0.1137236562230526,0.12665840758838748
PNC,132.7102,155.0,154.29,0.710000000000008,-21.579800000000006,0.00460172402618451,-0.13986518892993718,0.14446691295612168
PPG,116.630264,114.13,113.96,0.1700000000000017,2.670264000000003,0.0014917514917515068,0.02343159003159006,-0.021939838539838552
PPL,37.23704,30.27,30.07,0.1999999999999993,7.16704,0.0066511473229131785,0.2383451945460592,-0.23169404722314602
PFG,69.165405,63.92,64.54,-0.6200000000000045,4.625405000000001,-0.009606445615122474,0.07166726061357298,-0.08127370622869545
PG,89.105545,81.84,82.38,-0.539999999999992,6.725545000000011,-0.006554989075018112,0.08164050740471002,-0.08819549647972813
PGR,52.024994,53.4,52.87,0.5300000000000011,-0.8450059999999979,0.010024588613580502,-0.01598271231322107,0.02600730092680157
PLD,68.00977,60.04,60.74,-0.7000000000000028,7.269770000000001,-0.011524530786960863,0.11968669739874878,-0.13121122818570963
PRU,109.1082,111.17,110.99,0.18000000000000682,-1.8817999999999984,0.0016217677268222977,-0.01695468060185601,0.018576448328678306
PEG,52.269474,47.7,47.63,0.07000000000000028,4.639474,0.0014696619777451246,0.0974065504933865,-0.09593688851564139
PSA,213.73753,185.35,185.4,-0.05000000000001137,28.337529999999987,-0.0002696871628911077,0.1528453613807982,-0.15311504854368932
PHM,33.774506,29.91,30.16,-0.25,3.614506000000002,-0.008289124668435014,0.11984436339522554,-0.12813348806366057
PVH,135.68428,149.21,146.93,2.280000000000001,-11.245720000000006,0.015517593411828769,-0.07653794323827677,0.09205553665010555
QRVO,81.47746,78.09,79.07,-0.9799999999999898,2.4074600000000004,-0.012394081193878713,0.03044719868470976,-0.042841279878588476
QCOM,69.91422,65.04,64.4,0.6400000000000006,5.514219999999995,0.009937888198757771,0.08562453416149059,-0.07568664596273282
PWR,36.495876,34.45,35.18,-0.7299999999999969,1.315876000000003,-0.02075042637862413,0.03740409323479258,-0.05815451961341671
DGX,91.744545,100.58,101.13,-0.5499999999999972,-9.385454999999993,-0.005438544447740504,-0.0928058439632156,0.0873672995154751
RL,91.502106,107.7,106.73,0.9699999999999989,-15.227894000000006,0.009088353789937213,-0.1426767919048066,0.1517651456947438
RJF,85.121155,91.05,91.42,-0.37000000000000455,-6.298845,-0.004047254430102872,-0.0689000765696784,0.06485282213957554
O,nan,48.92,50.07,-1.1499999999999986,nan,-0.022967845016976206,nan,nan
REG,68.59189,57.53,57.79,-0.259999999999998,10.801890000000007,-0.0044990482782487975,0.18691624848589736,-0.19141529676414615
REGN,nan,334.61,338.8,-4.189999999999998,nan,-0.012367178276269179,nan,nan
RF,15.660535,18.96,18.67,0.28999999999999915,-3.0094650000000023,0.015532940546330965,-0.16119255490091067,0.17672549544724164
RSG,62.525574,64.6,64.56,0.03999999999999204,-2.0344260000000034,0.0006195786864930614,-0.03151217472118964,0.0321317534076827
RMD,85.17848,92.59,95.05,-2.4599999999999937,-9.871520000000004,-0.02588111520252492,-0.10385607574960551,0.07797496054708059
RHI,55.07006,56.22,56.01,0.21000000000000085,-0.93994,0.0037493304767006047,-0.01678164613461882,0.020530976611319425
ROK,191.8311,188.78,188.57,0.21000000000000796,3.261099999999999,0.0011136448003394388,0.017293843135175263,-0.016180198334835826
ROP,260.656,266.19,268.79,-2.6000000000000227,-8.134000000000015,-0.009672978905465318,-0.030261542468097823,0.020588563562632507
ROST,71.47759,77.99,78.33,-0.3400000000000034,-6.852409999999992,-0.004340610238733607,-0.08748129707647123,0.08314068683773762
RCL,125.595474,128.52,127.66,0.8600000000000136,-2.0645260000000007,0.0067366442111860695,-0.016172066426445253,0.02290871063763132
SPGI,164.24503,182.69,179.96,2.7299999999999898,-15.714969999999994,0.015170037786174649,-0.08732479439875523,0.10249483218492988
CRM,107.57342,110.05,109.57,0.480000000000004,-1.9965799999999945,0.004380761157251109,-0.01822195856530067,0.02260271972255178
SBAC,170.50763,166.51,166.0,0.5099999999999909,4.507630000000006,0.003072289156626451,0.027154397590361482,-0.024082108433735032
SLB,62.025036,69.75,71.04,-1.2900000000000063,-9.014964000000006,-0.01815878378378387,-0.12689983108108116,0.10874104729729729
STX,40.360767,49.55,48.68,0.8699999999999974,-8.319232999999997,0.017871815940838073,-0.1708963229252259,0.18876813886606397
SEE,46.049625,44.36,44.28,0.0799999999999983,1.7696249999999978,0.0018066847335139634,0.03996443089430889,-0.03815774616079493
SRE,119.596855,104.09,103.4,0.6899999999999977,16.196855,0.006673114119922608,0.1566426982591876,-0.149969584139265
SHW,394.1954,403.48,405.0,-1.5199999999999818,-10.804599999999994,-0.0037530864197530414,-0.026678024691358007,0.022924938271604967
SPG,158.20665,154.86,155.98,-1.1199999999999761,2.2266500000000065,-0.007180407744582487,0.014275227593281233,-0.02145563533786372
SWKS,110.62682,101.35,104.56,-3.210000000000008,6.066819999999993,-0.030700076511094184,0.058022379495026706,-0.08872245600612089
SLG,101.567,92.86,93.45,-0.5900000000000034,8.11699999999999,-0.006313536650615338,0.08685928303905821,-0.09317281968967354
SNA,159.9686,166.63,167.07,-0.4399999999999977,-7.101399999999984,-0.002633626623570945,-0.042505536601424455,0.03987190997785351
SO,52.33957,43.34,43.49,-0.14999999999999858,8.84957,-0.0034490687514370792,0.2034851690043688,-0.20693423775580588
LUV,55.309856,57.89,58.14,-0.25,-2.830143999999997,-0.004299965600275198,-0.048678087375300945,0.044378121775025745
SWK,166.5341,159.74,161.62,-1.8799999999999955,4.914099999999991,-0.011632223734686272,0.030405271624798853,-0.04203749535948512
SBUX,57.17053,54.46,55.61,-1.1499999999999986,1.56053,-0.020679733860816375,0.02806203920158245,-0.048741773062398824
STT,92.535034,103.52,104.5,-0.980000000000004,-11.964966000000004,-0.009377990430622048,-0.11449728229665075,0.1051192918660287
SYK,154.85483,153.67,154.14,-0.46999999999999886,0.7148300000000063,-0.0030491760736992275,0.004637537303749879,-0.007686713377449106
SYF,33.592484,37.5,37.67,-0.1700000000000017,-4.077516000000003,-0.004512874966817141,-0.10824305813644818,0.10373018316963104
SNPS,90.71159,85.85,87.45,-1.6000000000000085,3.261589999999998,-0.018296169239565563,0.03729662664379643,-0.055592795883361995
SYY,55.022,58.43,59.64,-1.2100000000000009,-4.618000000000002,-0.020288397048960443,-0.07743125419181761,0.05714285714285716
TROW,97.92929,106.52,106.97,-0.45000000000000284,-9.040710000000004,-0.0042067869496120675,-0.08451631298494909,0.08030952603533702
TPR,40.90937,50.1,49.02,1.0799999999999983,-8.11063,0.02203182374541,-0.16545552835577315,0.18748735210118314
TGT,55.984047,73.25,72.71,0.5400000000000063,-16.725952999999997,0.007426763856415985,-0.23003648741576121,0.2374632512721772
TEL,95.47651,99.61,99.14,0.46999999999999886,-3.663489999999996,0.00474077062739559,-0.03695269316118616,0.041693463788581756
FTI,27.02981,30.48,32.14,-1.6600000000000001,-5.110189999999999,-0.05164903546981954,-0.15899782202862475,0.10734878655880521
TXN,99.38612,101.98,105.87,-3.8900000000000006,-6.483879999999999,-0.036743175592708045,-0.061243789553225646,0.0245006139605176
TXT,53.41788,57.91,57.1,0.8099999999999952,-3.6821200000000047,0.014185639229421981,-0.06448546409807364,0.07867110332749562
BK,52.36864,55.34,55.49,-0.14999999999999858,-3.121360000000003,-0.0027031897639214018,-0.05625085601009196,0.05354766624617056
CLX,135.78253,127.82,130.63,-2.8100000000000023,5.152530000000013,-0.021511138329633334,0.03944369593508393,-0.06095483426471726
COO,243.17444,230.47,229.28,1.1899999999999977,13.894440000000003,0.0051901605024424185,0.06060031402651781,-0.05541015352407539
HSY,107.9614,99.04,101.29,-2.25,6.671399999999991,-0.02221344653963866,0.06586434988646452,-0.08807779642610318
MOS,23.962837,25.25,25.07,0.17999999999999972,-1.107163,0.007179896290386905,-0.0441628639808536,0.05134276027124051
TRV,129.95113,142.14,140.85,1.289999999999992,-10.898869999999988,0.009158679446219327,-0.07737926872559452,0.08653794817181384
DIS,102.91702,104.76,106.17,-1.4099999999999966,-3.252980000000008,-0.013280587736648738,-0.03063935198266938,0.01735876424602064
TMO,193.7783,207.55,209.48,-1.9299999999999784,-15.701699999999988,-0.009213290051556132,-0.07495560435363753,0.0657423143020814
TIF,93.141884,103.08,103.05,0.030000000000001137,-9.908115999999993,0.0002911208151382934,-0.0961486268801552,0.0964397476952935
TJX,71.08936,76.2,75.99,0.21000000000000796,-4.900639999999996,0.0027635215159890507,-0.06449059086721932,0.06725411238320837
TSCO,64.3907,67.37,67.28,0.09000000000000341,-2.8893000000000058,0.0013376932223543908,-0.04294441141498225,0.044282104637336644
TDG,275.84424,292.1,290.66,1.4399999999999977,-14.815760000000012,0.004954242069772234,-0.050972820477533924,0.05592706254730616
TSN,81.1671,73.38,74.19,-0.8100000000000023,6.977100000000007,-0.010917913465426638,0.09404367165386181,-0.10496158511928845
USB,52.01744,54.8,54.62,0.17999999999999972,-2.602559999999997,0.0032954961552544805,-0.04764848041010614,0.050943976565360614
UDR,40.555027,33.8,34.31,-0.5100000000000051,6.245027,-0.014864470999708689,0.1820176916350918,-0.1968821626348005
ULTA,210.57504,218.06,218.59,-0.5300000000000011,-8.014960000000002,-0.002424630586943598,-0.036666636168168724,0.03424200558122513
UAA,13.124441,13.26,13.1,0.16000000000000014,0.02444099999999949,0.01221374045801528,0.0018657251908396559,0.010348015267175624
UA,11.702626,12.15,12.05,0.09999999999999964,-0.3473740000000003,0.008298755186721962,-0.028827717842323675,0.037126473029045634
UNP,118.35277,128.96,131.15,-2.1899999999999977,-12.797229999999999,-0.016698436904308025,-0.09757704918032786,0.08087861227601983
UAL,59.52272,65.36,63.95,1.4099999999999966,-4.427280000000003,0.02204847537138384,-0.06923033620015642,0.09127881157154026
UNH,212.72139,225.82,225.18,0.6399999999999864,-12.458609999999993,0.0028421707078780814,-0.05532733812949637,0.05816950883737445
UPS,113.22972,111.91,112.71,-0.7999999999999972,0.5197200000000066,-0.007097861769142021,0.004611125898323189,-0.01170898766746521
URI,153.23021,173.58,171.34,2.240000000000009,-18.109790000000004,0.013073421267655008,-0.10569505077623441,0.11876847204388942
UHS,100.7419,117.12,116.86,0.2600000000000051,-16.1181,0.0022248844771521918,-0.13792657881225395,0.14015146328940614
UNM,54.660442,50.58,50.64,-0.060000000000002274,4.020442000000003,-0.0011848341232227938,0.0793926145339653,-0.08057744865718809
VLO,82.31138,89.84,90.46,-0.6199999999999903,-8.148619999999994,-0.0068538580588104175,-0.09007981428255576,0.08322595622374535
VAR,108.968666,116.92,118.58,-1.6599999999999966,-9.611334,-0.013998988024962022,-0.0810535840782594,0.06705459605329737
VTR,65.65002,52.97,53.19,-0.21999999999999886,12.46002,-0.004136115811242694,0.23425493513818388,-0.2383910509494266
VRSN,118.134735,109.11,109.41,-0.29999999999999716,8.72473500000001,-0.002741979709350125,0.07974348779819039,-0.08248546750754052
VRSK,94.076126,94.69,95.01,-0.3200000000000074,-0.933874000000003,-0.003368066519313834,-0.009829217977055077,0.0064611514577412425
VZ,47.03908,51.01,50.83,0.17999999999999972,-3.79092,0.0035412158174306456,-0.07458036592563447,0.07812158174306512
VRTX,nan,155.67,159.27,-3.6000000000000227,nan,-0.02260312676586942,nan,nan
VFC,74.16654,80.47,79.36,1.1099999999999994,-5.193460000000002,0.013986895161290315,-0.06544178427419357,0.07942867943548389
V,112.18733,119.65,119.97,-0.3199999999999932,-7.782669999999996,-0.00266733350004162,-0.06487180128365422,0.0622044677836126
VNO,76.9206,67.3,67.79,-0.4900000000000091,9.130599999999987,-0.007228204749963255,0.13468948222451668,-0.14191768697447993
VMC,122.48285,128.24,126.78,1.460000000000008,-4.297150000000002,0.011516011989272818,-0.033894541725824276,0.04541055371509709
WBA,70.65838,71.53,71.79,-0.2600000000000051,-1.1316200000000123,-0.0036216743279008927,-0.015762919626689124,0.012141245298788232
WMT,96.67692,102.85,100.9,1.9499999999999886,-4.22308000000001,0.0193260654112982,-0.04185411298315173,0.06118017839444993
WM,80.543434,81.73,81.8,-0.06999999999999318,-1.2565659999999923,-0.0008557457212713102,-0.015361442542787193,0.014505696821515883
WAT,196.08574,201.98,202.72,-0.7400000000000091,-6.634260000000012,-0.0036503551696922313,-0.03272622336227315,0.029075868192580918
WEC,69.44702,59.86,60.19,-0.3299999999999983,9.257019999999997,-0.005482638312011934,0.1537966439607908,-0.15927928227280272
WFC,54.205666,57.54,57.28,0.259999999999998,-3.0743340000000003,0.0045391061452513615,-0.053672032122905035,0.058211138268156395
WDC,93.505325,83.71,84.25,-0.5400000000000063,9.255325,-0.006409495548961499,0.10985548961424331,-0.11626498516320481
WU,19.943262,19.49,19.81,-0.3200000000000003,0.133262000000002,-0.016153457849570937,0.006727006562342352,-0.02288046441191329
WRK,58.979836,64.42,64.55,-0.12999999999999545,-5.570163999999998,-0.002013942680092881,-0.08629223857474823,0.08427829589465535
WY,36.697384,34.52,34.68,-0.1599999999999966,2.017384,-0.004613610149942231,0.058171395617070354,-0.06278500576701258
WHR,167.99263,171.52,173.81,-2.289999999999992,-5.817370000000011,-0.013175306369023601,-0.033469708302169096,0.020294401933145495
WMB,28.19726,30.0,30.17,-0.1700000000000017,-1.9727400000000017,-0.005634736493205227,-0.06538747099767987,0.059752734504474644
WLTW,160.1398,157.38,158.4,-1.0200000000000102,1.7398000000000025,-0.006439393939394003,0.010983585858585873,-0.017422979797979875
WYNN,159.49318,177.32,163.22,14.099999999999994,-3.7268200000000036,0.08638647224604824,-0.02283310868766085,0.10921958093370909
XEL,51.654785,42.46,42.73,-0.269999999999996,8.924785,-0.006318745611982121,0.2088646150245729,-0.21518336063655502
XRX,28.538343,31.18,30.85,0.3299999999999983,-2.3116570000000003,0.01069692058346834,-0.07493215559157212,0.08562907617504047
XLNX,73.46568,66.97,68.99,-2.019999999999996,4.475680000000011,-0.02927960573996226,0.06487432961298756,-0.09415393535294982
XYL,67.833336,71.79,71.33,0.46000000000000796,-3.4966639999999956,0.006448899481284284,-0.04902094490396741,0.055469844385251696
YUM,79.33796,80.13,80.58,-0.45000000000000284,-1.242040000000003,-0.005584512285927065,-0.01541375031025072,0.009829238024323655
ZBH,113.20179,120.78,122.3,-1.519999999999996,-9.098209999999995,-0.012428454619787376,-0.07439255928045785,0.06196410466067047
ZION,46.5093,54.02,52.52,1.5,-6.0107,0.028560548362528557,-0.11444592536176694,0.1430064737242955
ZTS,71.38047,73.86,73.27,0.5900000000000034,-1.8895299999999935,0.008052408898594288,-0.025788590146035125,0.033840999044629415
